1,1.47971e-007,,1,1.47971e-006,,1,1.47971e-005,,1,0.000147971
1.02329,1.54941e-007,,1.02329,1.54941e-006,,1.02329,1.54941e-005,,1.02329,0.000154941
1.04713,1.62239e-007,,1.04713,1.62239e-006,,1.04713,1.62239e-005,,1.04713,0.000162239
1.07152,1.69881e-007,,1.07152,1.69881e-006,,1.07152,1.69881e-005,,1.07152,0.000169881
1.09648,1.77883e-007,,1.09648,1.77883e-006,,1.09648,1.77883e-005,,1.09648,0.000177882
1.12202,1.86261e-007,,1.12202,1.86261e-006,,1.12202,1.86261e-005,,1.12202,0.00018626
1.14815,1.95033e-007,,1.14815,1.95033e-006,,1.14815,1.95033e-005,,1.14815,0.000195033
1.1749,2.04219e-007,,1.1749,2.04219e-006,,1.1749,2.04219e-005,,1.1749,0.000204218
1.20226,2.13836e-007,,1.20226,2.13836e-006,,1.20226,2.13836e-005,,1.20226,0.000213836
1.23027,2.23907e-007,,1.23027,2.23907e-006,,1.23027,2.23907e-005,,1.23027,0.000223906
1.25893,2.34451e-007,,1.25893,2.34451e-006,,1.25893,2.34451e-005,,1.25893,0.00023445
1.28825,2.45491e-007,,1.28825,2.45491e-006,,1.28825,2.45491e-005,,1.28825,0.00024549
1.31826,2.57051e-007,,1.31826,2.57051e-006,,1.31826,2.57051e-005,,1.31826,0.00025705
1.34896,2.69154e-007,,1.34896,2.69154e-006,,1.34896,2.69154e-005,,1.34896,0.000269154
1.38038,2.81827e-007,,1.38038,2.81827e-006,,1.38038,2.81827e-005,,1.38038,0.000281826
1.41254,2.95096e-007,,1.41254,2.95096e-006,,1.41254,2.95096e-005,,1.41254,0.000295095
1.44544,3.08989e-007,,1.44544,3.08989e-006,,1.44544,3.08989e-005,,1.44544,0.000308989
1.47911,3.23536e-007,,1.47911,3.23536e-006,,1.47911,3.23536e-005,,1.47911,0.000323535
1.51356,3.38767e-007,,1.51356,3.38767e-006,,1.51356,3.38767e-005,,1.51356,0.000338765
1.54882,3.54713e-007,,1.54882,3.54713e-006,,1.54882,3.54713e-005,,1.54882,0.000354712
1.58489,3.7141e-007,,1.58489,3.7141e-006,,1.58489,3.7141e-005,,1.58489,0.000371408
1.62181,3.88891e-007,,1.62181,3.88891e-006,,1.62181,3.88891e-005,,1.62181,0.00038889
1.65959,4.07194e-007,,1.65959,4.07194e-006,,1.65959,4.07194e-005,,1.65959,0.000407192
1.69824,4.26357e-007,,1.69824,4.26357e-006,,1.69824,4.26357e-005,,1.69824,0.000426356
1.7378,4.46421e-007,,1.7378,4.46421e-006,,1.7378,4.46421e-005,,1.7378,0.000446419
1.77828,4.67428e-007,,1.77828,4.67428e-006,,1.77828,4.67428e-005,,1.77828,0.000467425
1.8197,4.89421e-007,,1.8197,4.89421e-006,,1.8197,4.89421e-005,,1.8197,0.000489418
1.86209,5.12447e-007,,1.86209,5.12447e-006,,1.86209,5.12447e-005,,1.86209,0.000512445
1.90546,5.36555e-007,,1.90546,5.36555e-006,,1.90546,5.36555e-005,,1.90546,0.000536552
1.94984,5.61795e-007,,1.94984,5.61795e-006,,1.94984,5.61795e-005,,1.94984,0.000561792
1.99526,5.8822e-007,,1.99526,5.8822e-006,,1.99526,5.8822e-005,,1.99526,0.000588216
2.04174,6.15885e-007,,2.04174,6.15885e-006,,2.04174,6.15885e-005,,2.04174,0.000615881
2.0893,6.44848e-007,,2.0893,6.44848e-006,,2.0893,6.44848e-005,,2.0893,0.000644844
2.13796,6.75171e-007,,2.13796,6.75171e-006,,2.13796,6.75171e-005,,2.13796,0.000675166
2.18776,7.06916e-007,,2.18776,7.06916e-006,,2.18776,7.06916e-005,,2.18776,0.000706911
2.23872,7.4015e-007,,2.23872,7.4015e-006,,2.23872,7.4015e-005,,2.23872,0.000740144
2.29087,7.74942e-007,,2.29087,7.74942e-006,,2.29087,7.74942e-005,,2.29087,0.000774936
2.34423,8.11365e-007,,2.34423,8.11365e-006,,2.34423,8.11365e-005,,2.34423,0.000811359
2.39883,8.49496e-007,,2.39883,8.49496e-006,,2.39883,8.49496e-005,,2.39883,0.000849488
2.45471,8.89413e-007,,2.45471,8.89413e-006,,2.45471,8.89413e-005,,2.45471,0.000889405
2.51189,9.312e-007,,2.51189,9.312e-006,,2.51189,9.312e-005,,2.51189,0.000931191
2.5704,9.74944e-007,,2.5704,9.74944e-006,,2.5704,9.74944e-005,,2.5704,0.000974934
2.63027,1.02074e-006,,2.63027,1.02074e-005,,2.63027,0.000102074,,2.63027,0.00102073
2.69153,1.06867e-006,,2.69153,1.06867e-005,,2.69153,0.000106867,,2.69153,0.00106866
2.75423,1.11885e-006,,2.75423,1.11885e-005,,2.75423,0.000111885,,2.75423,0.00111884
2.81838,1.17137e-006,,2.81838,1.17137e-005,,2.81838,0.000117137,,2.81838,0.00117136
2.88403,1.22635e-006,,2.88403,1.22635e-005,,2.88403,0.000122635,,2.88403,0.00122634
2.95121,1.2839e-006,,2.95121,1.2839e-005,,2.95121,0.00012839,,2.95121,0.00128389
3.01995,1.34414e-006,,3.01995,1.34414e-005,,3.01995,0.000134414,,3.01995,0.00134412
3.0903,1.40719e-006,,3.0903,1.40719e-005,,3.0903,0.000140719,,3.0903,0.00140717
3.16228,1.47319e-006,,3.16228,1.47319e-005,,3.16228,0.000147319,,3.16228,0.00147317
3.23594,1.54226e-006,,3.23594,1.54226e-005,,3.23594,0.000154226,,3.23594,0.00154224
3.31131,1.61456e-006,,3.31131,1.61456e-005,,3.31131,0.000161456,,3.31131,0.00161453
3.38844,1.69022e-006,,3.38844,1.69022e-005,,3.38844,0.000169022,,3.38844,0.00169019
3.46737,1.76941e-006,,3.46737,1.76941e-005,,3.46737,0.000176941,,3.46737,0.00176938
3.54813,1.85229e-006,,3.54813,1.85229e-005,,3.54813,0.000185229,,3.54813,0.00185226
3.63078,1.93903e-006,,3.63078,1.93903e-005,,3.63078,0.000193903,,3.63078,0.00193899
3.71535,2.0298e-006,,3.71535,2.0298e-005,,3.71535,0.00020298,,3.71535,0.00202975
3.80189,2.12479e-006,,3.80189,2.12479e-005,,3.80189,0.000212479,,3.80189,0.00212474
3.89045,2.22419e-006,,3.89045,2.22419e-005,,3.89045,0.000222419,,3.89045,0.00222414
3.98107,2.3282e-006,,3.98107,2.3282e-005,,3.98107,0.00023282,,3.98107,0.00232815
4.0738,2.43704e-006,,4.0738,2.43704e-005,,4.0738,0.000243704,,4.0738,0.00243698
4.16869,2.55093e-006,,4.16869,2.55093e-005,,4.16869,0.000255093,,4.16869,0.00255086
4.2658,2.67009e-006,,4.2658,2.67009e-005,,4.2658,0.000267009,,4.2658,0.00267002
4.36516,2.79476e-006,,4.36516,2.79476e-005,,4.36516,0.000279477,,4.36516,0.00279468
4.46684,2.92521e-006,,4.46684,2.92521e-005,,4.46684,0.000292521,,4.46684,0.00292512
4.57088,3.06167e-006,,4.57088,3.06167e-005,,4.57088,0.000306167,,4.57088,0.00306158
4.67735,3.20444e-006,,4.67735,3.20444e-005,,4.67735,0.000320444,,4.67735,0.00320434
4.7863,3.35379e-006,,4.7863,3.35379e-005,,4.7863,0.000335379,,4.7863,0.00335368
4.89779,3.51002e-006,,4.89779,3.51002e-005,,4.89779,0.000351002,,4.89779,0.0035099
5.01187,3.67344e-006,,5.01187,3.67344e-005,,5.01187,0.000367344,,5.01187,0.0036733
5.12861,3.84438e-006,,5.12861,3.84438e-005,,5.12861,0.000384438,,5.12861,0.00384422
5.24807,4.02316e-006,,5.24807,4.02316e-005,,5.24807,0.000402316,,5.24807,0.00402299
5.37032,4.21014e-006,,5.37032,4.21014e-005,,5.37032,0.000421014,,5.37032,0.00420996
5.49541,4.40568e-006,,5.49541,4.40568e-005,,5.49541,0.000440569,,5.49541,0.00440548
5.62341,4.61017e-006,,5.62341,4.61017e-005,,5.62341,0.000461018,,5.62341,0.00460996
5.7544,4.82401e-006,,5.7544,4.82401e-005,,5.7544,0.000482401,,5.7544,0.00482377
5.88844,5.04759e-006,,5.88844,5.04759e-005,,5.88844,0.000504759,,5.88844,0.00504733
6.0256,5.28136e-006,,6.0256,5.28136e-005,,6.0256,0.000528136,,6.0256,0.00528107
6.16595,5.52576e-006,,6.16595,5.52576e-005,,6.16595,0.000552576,,6.16595,0.00552545
6.30957,5.78126e-006,,6.30957,5.78126e-005,,6.30957,0.000578126,,6.30957,0.00578091
6.45654,6.04833e-006,,6.45654,6.04833e-005,,6.45654,0.000604834,,6.45654,0.00604796
6.60693,6.32749e-006,,6.60693,6.32749e-005,,6.60693,0.00063275,,6.60693,0.00632708
6.76083,6.61926e-006,,6.76083,6.61926e-005,,6.76083,0.000661926,,6.76083,0.00661881
6.91831,6.92418e-006,,6.91831,6.92418e-005,,6.91831,0.000692418,,6.91831,0.00692368
7.07946,7.24281e-006,,7.07946,7.24281e-005,,7.07946,0.000724281,,7.07946,0.00724226
7.24436,7.57574e-006,,7.24436,7.57574e-005,,7.24436,0.000757575,,7.24436,0.00757515
7.4131,7.92359e-006,,7.4131,7.92359e-005,,7.4131,0.000792359,,7.4131,0.00792293
7.58578,8.28697e-006,,7.58578,8.28697e-005,,7.58578,0.000828698,,7.58578,0.00828626
7.76247,8.66656e-006,,7.76247,8.66656e-005,,7.76247,0.000866656,,7.76247,0.00866577
7.94328,9.06302e-006,,7.94328,9.06302e-005,,7.94328,0.000906303,,7.94328,0.00906216
8.12831,9.47706e-006,,8.12831,9.47707e-005,,8.12831,0.000947707,,8.12831,0.00947613
8.31764,9.90942e-006,,8.31764,9.90942e-005,,8.31764,0.000990943,,8.31764,0.00990839
8.51138,1.03608e-005,,8.51138,0.000103608,,8.51138,0.00103609,,8.51138,0.0103597
8.70964,1.08321e-005,,8.70964,0.000108321,,8.70964,0.00108321,,8.70964,0.0108309
8.91251,1.1324e-005,,8.91251,0.00011324,,8.91251,0.00113241,,8.91251,0.0113227
9.12011,1.18375e-005,,9.12011,0.000118375,,9.12011,0.00118375,,9.12011,0.011836
9.33254,1.23733e-005,,9.33254,0.000123733,,9.33254,0.00123733,,9.33254,0.0123716
9.54993,1.29323e-005,,9.54993,0.000129323,,9.54993,0.00129323,,9.54993,0.0129305
9.77237,1.35155e-005,,9.77237,0.000135155,,9.77237,0.00135155,,9.77237,0.0135136
10,1.41238e-005,,10,0.000141238,,10,0.00141238,,10,0.0141217
10.2329,1.47583e-005,,10.2329,0.000147583,,10.2329,0.00147583,,10.2329,0.0147559
10.4713,1.54198e-005,,10.4713,0.000154198,,10.4713,0.00154198,,10.4713,0.0154173
10.7152,1.61095e-005,,10.7152,0.000161095,,10.7152,0.00161095,,10.7152,0.0161067
10.9648,1.68284e-005,,10.9648,0.000168284,,10.9648,0.00168284,,10.9648,0.0168253
11.2202,1.75776e-005,,11.2202,0.000175776,,11.2202,0.00175776,,11.2202,0.0175743
11.4815,1.83583e-005,,11.4815,0.000183583,,11.4815,0.00183583,,11.4815,0.0183546
11.749,1.91715e-005,,11.749,0.000191715,,11.749,0.00191715,,11.749,0.0191675
12.0226,2.00186e-005,,12.0226,0.000200186,,12.0226,0.00200186,,12.0226,0.0200142
12.3027,2.09006e-005,,12.3027,0.000209006,,12.3027,0.00209006,,12.3027,0.0208959
12.5893,2.18189e-005,,12.5893,0.000218189,,12.5893,0.00218189,,12.5893,0.0218137
12.8825,2.27747e-005,,12.8825,0.000227747,,12.8825,0.00227747,,12.8825,0.022769
13.1826,2.37693e-005,,13.1826,0.000237694,,13.1826,0.00237694,,13.1826,0.0237632
13.4896,2.48041e-005,,13.4896,0.000248041,,13.4896,0.00248042,,13.4896,0.0247974
13.8038,2.58804e-005,,13.8038,0.000258804,,13.8038,0.00258805,,13.8038,0.025873
14.1254,2.69996e-005,,14.1254,0.000269996,,14.1254,0.00269997,,14.1254,0.0269915
14.4544,2.81631e-005,,14.4544,0.000281631,,14.4544,0.00281632,,14.4544,0.0281543
14.7911,2.93723e-005,,14.7911,0.000293723,,14.7911,0.00293724,,14.7911,0.0293627
15.1356,3.06287e-005,,15.1356,0.000306287,,15.1356,0.00306287,,15.1356,0.0306181
15.4882,3.19337e-005,,15.4882,0.000319337,,15.4882,0.00319338,,15.4882,0.0319222
15.8489,3.32889e-005,,15.8489,0.000332889,,15.8489,0.00332889,,15.8489,0.0332763
16.2181,3.46957e-005,,16.2181,0.000346957,,16.2181,0.00346958,,16.2181,0.034682
16.5959,3.61557e-005,,16.5959,0.000361557,,16.5959,0.00361558,,16.5959,0.0361407
16.9824,3.76704e-005,,16.9824,0.000376704,,16.9824,0.00376705,,16.9824,0.0376541
17.378,3.92414e-005,,17.378,0.000392414,,17.378,0.00392415,,17.378,0.0392236
17.7828,4.08702e-005,,17.7828,0.000408702,,17.7828,0.00408703,,17.7828,0.0408508
18.197,4.25585e-005,,18.197,0.000425585,,18.197,0.00425586,,18.197,0.0425374
18.6209,4.43078e-005,,18.6209,0.000443078,,18.6209,0.00443079,,18.6209,0.0442847
19.0546,4.61197e-005,,19.0546,0.000461197,,19.0546,0.00461198,,19.0546,0.0460946
19.4984,4.79958e-005,,19.4984,0.000479958,,19.4984,0.0047996,,19.4984,0.0479684
19.9526,4.99377e-005,,19.9526,0.000499378,,19.9526,0.00499379,,19.9526,0.0499079
20.4174,5.1947e-005,,20.4174,0.000519471,,20.4174,0.00519473,,20.4174,0.0519146
20.893,5.40254e-005,,20.893,0.000540255,,20.893,0.00540256,,20.893,0.05399
21.3796,5.61744e-005,,21.3796,0.000561744,,21.3796,0.00561746,,21.3796,0.0561359
21.8776,5.83956e-005,,21.8776,0.000583956,,21.8776,0.00583958,,21.8776,0.0583537
22.3872,6.06905e-005,,22.3872,0.000606906,,22.3872,0.00606908,,22.3872,0.060645
22.9087,6.30609e-005,,22.9087,0.00063061,,22.9087,0.00630612,,22.9087,0.0630113
23.4423,6.55083e-005,,23.4423,0.000655083,,23.4423,0.00655086,,23.4423,0.0654543
23.9883,6.80341e-005,,23.9883,0.000680342,,23.9883,0.00680345,,23.9883,0.0679755
24.5471,7.06401e-005,,24.5471,0.000706402,,24.5471,0.00706405,,24.5471,0.0705763
25.1189,7.33277e-005,,25.1189,0.000733278,,25.1189,0.00733281,,25.1189,0.0732584
25.704,7.60984e-005,,25.704,0.000760986,,25.704,0.00760989,,25.704,0.0760231
26.3027,7.89539e-005,,26.3027,0.00078954,,26.3027,0.00789544,,26.3027,0.0788721
26.9153,8.18956e-005,,26.9153,0.000818957,,26.9153,0.00818961,,26.9153,0.0818067
27.5423,8.49249e-005,,27.5423,0.000849251,,27.5423,0.00849255,,27.5423,0.0848284
28.1838,8.80435e-005,,28.1838,0.000880437,,28.1838,0.00880442,,28.1838,0.0879387
28.8403,9.12527e-005,,28.8403,0.000912529,,28.8403,0.00912535,,28.8403,0.0911391
29.5121,9.45541e-005,,29.5121,0.000945543,,29.5121,0.00945549,,29.5121,0.0944308
30.1995,9.79492e-005,,30.1995,0.000979494,,30.1995,0.009795,,30.1995,0.0978154
30.903,0.000101439,,30.903,0.0010144,,30.903,0.010144,,30.903,0.101294
31.6228,0.000105026,,31.6228,0.00105026,,31.6228,0.0105027,,31.6228,0.104869
32.3594,0.000108711,,32.3594,0.00108711,,32.3594,0.0108712,,32.3594,0.10854
33.1131,0.000112495,,33.1131,0.00112495,,33.1131,0.0112496,,33.1131,0.11231
33.8844,0.00011638,,33.8844,0.0011638,,33.8844,0.0116381,,33.8844,0.11618
34.6737,0.000120367,,34.6737,0.00120367,,34.6737,0.0120368,,34.6737,0.120151
35.4813,0.000124458,,35.4813,0.00124459,,35.4813,0.012446,,35.4813,0.124224
36.3078,0.000128655,,36.3078,0.00128655,,36.3078,0.0128657,,36.3078,0.128401
37.1535,0.000132958,,37.1535,0.00132959,,37.1535,0.013296,,37.1535,0.132684
38.0189,0.00013737,,38.0189,0.00137371,,38.0189,0.0137372,,38.0189,0.137073
38.9045,0.000141892,,38.9045,0.00141893,,38.9045,0.0141894,,38.9045,0.141571
39.8107,0.000146525,,39.8107,0.00146526,,39.8107,0.0146528,,39.8107,0.146178
40.738,0.000151272,,40.738,0.00151272,,40.738,0.0151274,,40.738,0.150897
41.6869,0.000156133,,41.6869,0.00156134,,41.6869,0.0156136,,41.6869,0.155728
42.658,0.000161111,,42.658,0.00161112,,42.658,0.0161114,,42.658,0.160673
43.6516,0.000166207,,43.6516,0.00166207,,43.6516,0.016621,,43.6516,0.165734
44.6684,0.000171423,,44.6684,0.00171423,,44.6684,0.0171426,,44.6684,0.170912
45.7088,0.00017676,,45.7088,0.00176761,,45.7088,0.0176764,,45.7088,0.176209
46.7735,0.000182222,,46.7735,0.00182223,,46.7735,0.0182226,,46.7735,0.181627
47.863,0.000187809,,47.863,0.0018781,,47.863,0.0187813,,47.863,0.187167
48.9779,0.000193524,,48.9779,0.00193525,,48.9779,0.0193528,,48.9779,0.192831
50.1187,0.000199368,,50.1187,0.00199369,,50.1187,0.0199373,,50.1187,0.198621
51.2861,0.000205345,,51.2861,0.00205346,,51.2861,0.020535,,51.2861,0.204539
52.4807,0.000211455,,52.4807,0.00211456,,52.4807,0.0211461,,52.4807,0.210587
53.7032,0.000217702,,53.7032,0.00217704,,53.7032,0.0217708,,53.7032,0.216766
54.9541,0.000224088,,54.9541,0.0022409,,54.9541,0.0224094,,54.9541,0.223079
56.2341,0.000230615,,56.2341,0.00230617,,56.2341,0.0230622,,56.2341,0.229529
57.544,0.000237286,,57.544,0.00237288,,57.544,0.0237294,,57.544,0.236116
58.8844,0.000244104,,58.8844,0.00244106,,58.8844,0.0244112,,58.8844,0.242843
60.256,0.000251071,,60.256,0.00251073,,60.256,0.0251079,,60.256,0.249714
61.6595,0.00025819,,61.6595,0.00258192,,61.6595,0.0258199,,61.6595,0.256729
63.0957,0.000265464,,63.0957,0.00265466,,63.0957,0.0265474,,63.0957,0.263892
64.5654,0.000272896,,64.5654,0.00272898,,64.5654,0.0272907,,64.5654,0.271205
66.0693,0.000280489,,66.0693,0.00280492,,66.0693,0.0280501,,66.0693,0.27867
67.6083,0.000288247,,67.6083,0.0028825,,67.6083,0.028826,,67.6083,0.28629
69.1831,0.000296173,,69.1831,0.00296177,,69.1831,0.0296187,,69.1831,0.294069
70.7946,0.000304271,,70.7946,0.00304274,,70.7946,0.0304285,,70.7946,0.302008
72.4436,0.000312543,,72.4436,0.00312547,,72.4436,0.0312559,,72.4436,0.31011
74.131,0.000320994,,74.131,0.00320998,,74.131,0.0321011,,74.131,0.318379
75.8578,0.000329628,,75.8578,0.00329632,,75.8578,0.0329646,,75.8578,0.326818
77.6247,0.000338448,,77.6247,0.00338453,,77.6247,0.0338468,,77.6247,0.335429
79.4328,0.000347459,,79.4328,0.00347464,,79.4328,0.034748,,79.4328,0.344215
81.2831,0.000356665,,81.2831,0.0035667,,81.2831,0.0356687,,81.2831,0.35318
83.1764,0.00036607,,83.1764,0.00366075,,83.1764,0.0366094,,83.1764,0.362327
85.1138,0.000375678,,85.1138,0.00375684,,85.1138,0.0375704,,85.1138,0.371659
87.0964,0.000385495,,87.0964,0.00385501,,87.0964,0.0385523,,87.0964,0.38118
89.1251,0.000395524,,89.1251,0.00395531,,89.1251,0.0395554,,89.1251,0.390892
91.2011,0.000405771,,91.2011,0.00405779,,91.2011,0.0405804,,91.2011,0.400799
93.3254,0.000416242,,93.3254,0.0041625,,93.3254,0.0416276,,93.3254,0.410905
95.4993,0.000426939,,95.4993,0.00426948,,95.4993,0.0426977,,95.4993,0.421213
97.7237,0.000437871,,97.7237,0.0043788,,97.7237,0.0437911,,97.7237,0.431726
100,0.00044904,,100,0.00449051,,100,0.0449083,,100,0.442449
102.329,0.000460454,,102.329,0.00460465,,102.329,0.04605,,102.329,0.453384
104.713,0.000472118,,104.713,0.0047213,,104.713,0.0472167,,104.713,0.464535
107.152,0.000484037,,107.152,0.0048405,,107.152,0.0484091,,107.152,0.475906
109.648,0.000496218,,109.648,0.00496232,,109.648,0.0496276,,109.648,0.487499
112.202,0.000508667,,112.202,0.00508682,,112.202,0.0508729,,112.202,0.49932
114.815,0.00052139,,114.815,0.00521406,,114.815,0.0521456,,114.815,0.51137
117.49,0.000534394,,117.49,0.00534411,,117.49,0.0534465,,117.49,0.523655
120.226,0.000547686,,120.226,0.00547704,,120.226,0.0547761,,120.226,0.536176
123.027,0.000561271,,123.027,0.0056129,,123.027,0.0561352,,123.027,0.548938
125.893,0.000575157,,125.893,0.00575178,,125.893,0.0575245,,125.893,0.561944
128.825,0.000589352,,128.825,0.00589375,,128.825,0.0589446,,128.825,0.575197
131.826,0.000603862,,131.826,0.00603887,,131.826,0.0603963,,131.826,0.5887
134.896,0.000618696,,134.896,0.00618722,,134.896,0.0618804,,134.896,0.602457
138.038,0.00063386,,138.038,0.00633888,,138.038,0.0633976,,138.038,0.616471
141.254,0.000649363,,141.254,0.00649393,,141.254,0.0649487,,141.254,0.630745
144.544,0.000665212,,144.544,0.00665245,,144.544,0.0665346,,144.544,0.64528
147.911,0.000681417,,147.911,0.00681451,,147.911,0.068156,,147.911,0.660081
151.356,0.000697985,,151.356,0.00698022,,151.356,0.0698138,,151.356,0.67515
154.882,0.000714925,,154.882,0.00714965,,154.882,0.071509,,154.882,0.690489
158.489,0.000732246,,158.489,0.00732289,,158.489,0.0732423,,158.489,0.7061
162.181,0.000749957,,162.181,0.00750003,,162.181,0.0750147,,162.181,0.721986
165.959,0.000768068,,165.959,0.00768117,,165.959,0.0768271,,165.959,0.738148
169.824,0.000786587,,169.824,0.00786639,,169.824,0.0786804,,169.824,0.754587
173.78,0.000805525,,173.78,0.00805581,,173.78,0.0805758,,173.78,0.771306
177.828,0.000824891,,177.828,0.00824951,,177.828,0.0825141,,177.828,0.788305
181.97,0.000844696,,181.97,0.0084476,,181.97,0.0844964,,181.97,0.805585
186.209,0.00086495,,186.209,0.00865019,,186.209,0.0865237,,186.209,0.823147
190.546,0.000885663,,190.546,0.00885738,,190.546,0.0885972,,190.546,0.840991
194.984,0.000906848,,194.984,0.00906928,,194.984,0.0907178,,194.984,0.859116
199.526,0.000928514,,199.526,0.00928599,,199.526,0.0928868,,199.526,0.877523
204.174,0.000950674,,204.174,0.00950765,,204.174,0.0951053,,204.174,0.89621
208.93,0.000973338,,208.93,0.00973436,,208.93,0.0973745,,208.93,0.915177
213.796,0.000996519,,213.796,0.00996625,,213.796,0.0996956,,213.796,0.93442
218.776,0.00102023,,218.776,0.0102034,,218.776,0.10207,,218.776,0.95394
223.872,0.00104448,,223.872,0.010446,,223.872,0.104498,,223.872,0.973732
229.087,0.00106929,,229.087,0.0106942,,229.087,0.106983,,229.087,0.993793
234.423,0.00109466,,234.423,0.010948,,234.423,0.109524,,234.423,1.01412
239.883,0.00112062,,239.883,0.0112077,,239.883,0.112124,,239.883,1.03471
245.471,0.00114717,,245.471,0.0114733,,245.471,0.114783,,245.471,1.05556
251.189,0.00117433,,251.189,0.011745,,251.189,0.117504,,251.189,1.07666
257.04,0.00120211,,257.04,0.0120229,,257.04,0.120287,,257.04,1.09801
263.027,0.00123053,,263.027,0.0123073,,263.027,0.123135,,263.027,1.1196
269.153,0.0012596,,269.153,0.0125981,,269.153,0.126048,,269.153,1.14142
275.423,0.00128934,,275.423,0.0128957,,275.423,0.129028,,275.423,1.16347
281.838,0.00131977,,281.838,0.0132001,,281.838,0.132077,,281.838,1.18573
288.403,0.0013509,,288.403,0.0135116,,288.403,0.135197,,288.403,1.20821
295.121,0.00138274,,295.121,0.0138302,,295.121,0.138389,,295.121,1.23088
301.995,0.00141531,,301.995,0.0141561,,301.995,0.141655,,301.995,1.25375
309.03,0.00144864,,309.03,0.0144896,,309.03,0.144997,,309.03,1.2768
316.228,0.00148274,,316.228,0.0148308,,316.228,0.148416,,316.228,1.30001
323.594,0.00151762,,323.594,0.0151799,,323.594,0.151914,,323.594,1.32338
331.131,0.00155331,,331.131,0.015537,,331.131,0.155494,,331.131,1.3469
338.844,0.00158982,,338.844,0.0159024,,338.844,0.159156,,338.844,1.37054
346.737,0.00162717,,346.737,0.0162762,,346.737,0.162904,,346.737,1.39431
354.813,0.00166539,,354.813,0.0166587,,354.813,0.166739,,354.813,1.41817
363.078,0.00170449,,363.078,0.0170501,,363.078,0.170664,,363.078,1.44213
371.535,0.00174449,,371.535,0.0174505,,371.535,0.17468,,371.535,1.46615
380.189,0.00178542,,380.189,0.0178602,,380.189,0.178789,,380.189,1.49024
389.045,0.0018273,,389.045,0.0182794,,389.045,0.182995,,389.045,1.51437
398.107,0.00187015,,398.107,0.0187083,,398.107,0.187298,,398.107,1.53852
407.38,0.00191399,,407.38,0.0191472,,407.38,0.191702,,407.38,1.56267
416.869,0.00195884,,416.869,0.0195963,,416.869,0.196209,,416.869,1.58682
426.58,0.00200474,,426.58,0.0200558,,426.58,0.200822,,426.58,1.61094
436.516,0.00205169,,436.516,0.020526,,436.516,0.205543,,436.516,1.63501
446.684,0.00209974,,446.684,0.0210071,,446.684,0.210374,,446.684,1.65902
457.088,0.0021489,,457.088,0.0214993,,457.088,0.215318,,457.088,1.68295
467.735,0.0021992,,467.735,0.0220031,,467.735,0.220379,,467.735,1.70677
478.63,0.00225066,,478.63,0.0225185,,478.63,0.225558,,478.63,1.73048
489.779,0.00230332,,489.779,0.023046,,489.779,0.230859,,489.779,1.75405
501.187,0.0023572,,501.187,0.0235857,,501.187,0.236285,,501.187,1.77746
512.861,0.00241234,,512.861,0.024138,,512.861,0.241838,,512.861,1.80069
524.807,0.00246875,,524.807,0.0247032,,524.807,0.247523,,524.807,1.82374
537.032,0.00252647,,537.032,0.0252815,,537.032,0.253341,,537.032,1.84657
549.541,0.00258553,,549.541,0.0258734,,549.541,0.259297,,549.541,1.86917
562.341,0.00264597,,562.341,0.026479,,562.341,0.265393,,562.341,1.89153
575.44,0.0027078,,575.44,0.0270988,,575.44,0.271634,,575.44,1.91363
588.844,0.00277108,,588.844,0.027733,,588.844,0.278022,,588.844,1.93545
602.56,0.00283582,,602.56,0.0283821,,602.56,0.284561,,602.56,1.95697
616.595,0.00290207,,616.595,0.0290463,,616.595,0.291256,,616.595,1.97819
630.957,0.00296986,,630.957,0.029726,,630.957,0.29811,,630.957,1.99908
645.654,0.00303923,,645.654,0.0304216,,645.654,0.305126,,645.654,2.01964
660.693,0.00311021,,660.693,0.0311335,,660.693,0.312309,,660.693,2.03984
676.083,0.00318284,,676.083,0.0318621,,676.083,0.319664,,676.083,2.05968
691.831,0.00325716,,691.831,0.0326077,,691.831,0.327194,,691.831,2.07914
707.946,0.00333321,,707.946,0.0333707,,707.946,0.334903,,707.946,2.09822
724.436,0.00341102,,724.436,0.0341517,,724.436,0.342797,,724.436,2.1169
741.31,0.00349065,,741.31,0.0349509,,741.31,0.35088,,741.31,2.13517
758.578,0.00357213,,758.578,0.0357689,,758.578,0.359157,,758.578,2.15303
776.247,0.00365551,,776.247,0.0366061,,776.247,0.367632,,776.247,2.17046
794.328,0.00374083,,794.328,0.0374629,,794.328,0.376311,,794.328,2.18746
812.831,0.00382813,,812.831,0.0383399,,812.831,0.385199,,812.831,2.20403
831.764,0.00391747,,831.764,0.0392375,,831.764,0.394302,,831.764,2.22015
851.138,0.00400889,,851.138,0.0401561,,851.138,0.403624,,851.138,2.23583
870.964,0.00410244,,870.964,0.0410964,,870.964,0.413172,,870.964,2.25105
891.251,0.00419816,,891.251,0.0420588,,891.251,0.422951,,891.251,2.26582
912.011,0.00429612,,912.011,0.0430439,,912.011,0.432967,,912.011,2.28013
933.254,0.00439635,,933.254,0.0440522,,933.254,0.443227,,933.254,2.29397
954.993,0.00449893,,954.993,0.0450843,,954.993,0.453737,,954.993,2.30736
977.237,0.00460389,,977.237,0.0461407,,977.237,0.464504,,977.237,2.32028
1000,0.0047113,,1000,0.0472221,,1000,0.475534,,1000,2.33273
1023.29,0.00482121,,1023.29,0.0483291,,1023.29,0.486834,,1023.29,2.34473
1047.13,0.00493368,,1047.13,0.0494622,,1047.13,0.498412,,1047.13,2.35625
1071.52,0.00504878,,1071.52,0.0506222,,1071.52,0.510275,,1071.52,2.36732
1096.48,0.00516656,,1096.48,0.0518096,,1096.48,0.52243,,1096.48,2.37792
1122.02,0.00528709,,1122.02,0.0530252,,1122.02,0.534886,,1122.02,2.38806
1148.15,0.00541043,,1148.15,0.0542696,,1148.15,0.547651,,1148.15,2.39774
1174.9,0.00553664,,1174.9,0.0555436,,1174.9,0.560733,,1174.9,2.40697
1202.26,0.0056658,,1202.26,0.056848,,1202.26,0.574141,,1202.26,2.41574
1230.27,0.00579798,,1230.27,0.0581833,,1230.27,0.587883,,1230.27,2.42406
1258.93,0.00593323,,1258.93,0.0595505,,1258.93,0.60197,,1258.93,2.43193
1288.25,0.00607165,,1288.25,0.0609503,,1288.25,0.61641,,1288.25,2.43935
1318.26,0.00621329,,1318.26,0.0623835,,1318.26,0.631213,,1318.26,2.44633
1348.96,0.00635825,,1348.96,0.063851,,1348.96,0.64639,,1348.96,2.45287
1380.38,0.00650658,,1380.38,0.0653537,,1380.38,0.661951,,1380.38,2.45896
1412.54,0.00665838,,1412.54,0.0668924,,1412.54,0.677907,,1412.54,2.46463
1445.44,0.00681373,,1445.44,0.068468,,1445.44,0.694268,,1445.44,2.46986
1479.11,0.00697271,,1479.11,0.0700815,,1479.11,0.711047,,1479.11,2.47466
1513.56,0.0071354,,1513.56,0.0717339,,1513.56,0.728256,,1513.56,2.47903
1548.82,0.00730189,,1548.82,0.0734261,,1548.82,0.745905,,1548.82,2.48298
1584.89,0.00747228,,1584.89,0.0751592,,1584.89,0.764009,,1584.89,2.4865
1621.81,0.00764665,,1621.81,0.0769343,,1621.81,0.782579,,1621.81,2.4896
1659.59,0.0078251,,1659.59,0.0787524,,1659.59,0.801629,,1659.59,2.49228
1698.24,0.00800772,,1698.24,0.0806147,,1698.24,0.821173,,1698.24,2.49455
1737.8,0.00819461,,1737.8,0.0825223,,1737.8,0.841225,,1737.8,2.4964
1778.28,0.00838588,,1778.28,0.0844764,,1778.28,0.861799,,1778.28,2.49783
1819.7,0.00858163,,1819.7,0.0864783,,1819.7,0.88291,,1819.7,2.49885
1862.09,0.00878196,,1862.09,0.0885292,,1862.09,0.904572,,1862.09,2.49946
1905.46,0.00898698,,1905.46,0.0906305,,1905.46,0.926802,,1905.46,2.49965
1949.84,0.0091968,,1949.84,0.0927835,,1949.84,0.949614,,1949.84,2.49943
1995.26,0.00941154,,1995.26,0.0949897,,1995.26,0.973025,,1995.26,2.4988
2041.74,0.00963132,,2041.74,0.0972504,,2041.74,0.99705,,2041.74,2.49775
2089.3,0.00985625,,2089.3,0.0995673,,2089.3,1.02171,,2089.3,2.49629
2137.96,0.0100865,,2137.96,0.101942,,2137.96,1.04701,,2137.96,2.49441
2187.76,0.0103221,,2187.76,0.104376,,2187.76,1.07298,,2187.76,2.49212
2238.72,0.0105632,,2238.72,0.10687,,2238.72,1.09962,,2238.72,2.48941
2290.87,0.01081,,2290.87,0.109428,,2290.87,1.12696,,2290.87,2.48628
2344.23,0.0110626,,2344.23,0.11205,,2344.23,1.15502,,2344.23,2.48273
2398.83,0.0113211,,2398.83,0.114738,,2398.83,1.1838,,2398.83,2.47875
2454.71,0.0115857,,2454.71,0.117494,,2454.71,1.21331,,2454.71,2.47435
2511.89,0.0118566,,2511.89,0.120321,,2511.89,1.24359,,2511.89,2.46953
2570.4,0.0121338,,2570.4,0.12322,,2570.4,1.27463,,2570.4,2.46427
2630.27,0.0124175,,2630.27,0.126194,,2630.27,1.30644,,2630.27,2.45858
2691.53,0.0127079,,2691.53,0.129245,,2691.53,1.33904,,2691.53,2.45246
2754.23,0.0130052,,2754.23,0.132374,,2754.23,1.37244,,2754.23,2.44589
2818.38,0.0133095,,2818.38,0.135585,,2818.38,1.40663,,2818.38,2.43889
2884.03,0.013621,,2884.03,0.138881,,2884.03,1.44161,,2884.03,2.43144
2951.21,0.0139398,,2951.21,0.142263,,2951.21,1.47739,,2951.21,2.42355
3019.95,0.0142661,,3019.95,0.145735,,3019.95,1.51396,,3019.95,2.41521
3090.3,0.0146002,,3090.3,0.149299,,3090.3,1.5513,,3090.3,2.40641
3162.28,0.0149422,,3162.28,0.152959,,3162.28,1.58939,,3162.28,2.39717
3235.94,0.0152922,,3235.94,0.156718,,3235.94,1.62821,,3235.94,2.38746
3311.31,0.0156506,,3311.31,0.160578,,3311.31,1.66772,,3311.31,2.3773
3388.44,0.0160174,,3388.44,0.164544,,3388.44,1.70788,,3388.44,2.36668
3467.37,0.016393,,3467.37,0.168619,,3467.37,1.74863,,3467.37,2.3556
3548.13,0.0167775,,3548.13,0.172807,,3548.13,1.78991,,3548.13,2.34405
3630.78,0.0171711,,3630.78,0.177112,,3630.78,1.83165,,3630.78,2.33205
3715.35,0.0175741,,3715.35,0.181538,,3715.35,1.87373,,3715.35,2.31958
3801.89,0.0179868,,3801.89,0.18609,,3801.89,1.91607,,3801.89,2.30664
3890.45,0.0184092,,3890.45,0.190772,,3890.45,1.95852,,3890.45,2.29325
3981.07,0.0188417,,3981.07,0.195589,,3981.07,2.00095,,3981.07,2.27939
4073.8,0.0192846,,4073.8,0.200546,,4073.8,2.04319,,4073.8,2.26508
4168.69,0.0197381,,4168.69,0.20565,,4168.69,2.08506,,4168.69,2.25031
4265.8,0.0202025,,4265.8,0.210904,,4265.8,2.12636,,4265.8,2.23508
4365.16,0.020678,,4365.16,0.216317,,4365.16,2.16685,,4365.16,2.21941
4466.84,0.0211649,,4466.84,0.221894,,4466.84,2.20631,,4466.84,2.20329
4570.88,0.0216635,,4570.88,0.227641,,4570.88,2.24446,,4570.88,2.18673
4677.35,0.0221742,,4677.35,0.233567,,4677.35,2.28104,,4677.35,2.16973
4786.3,0.0226972,,4786.3,0.239679,,4786.3,2.31575,,4786.3,2.15231
4897.79,0.0232328,,4897.79,0.245985,,4897.79,2.34831,,4897.79,2.13446
5011.87,0.0237814,,5011.87,0.252493,,5011.87,2.37842,,5011.87,2.11621
5128.61,0.0243434,,5128.61,0.259214,,5128.61,2.40578,,5128.61,2.09755
5248.07,0.024919,,5248.07,0.266158,,5248.07,2.43011,,5248.07,2.0785
5370.32,0.0255086,,5370.32,0.273333,,5370.32,2.45115,,5370.32,2.05907
5495.41,0.0261126,,5495.41,0.280753,,5495.41,2.46867,,5495.41,2.03926
5623.41,0.0267314,,5623.41,0.288429,,5623.41,2.48245,,5623.41,2.01909
5754.4,0.0273653,,5754.4,0.296374,,5754.4,2.49233,,5754.4,1.99858
5888.44,0.0280149,,5888.44,0.304602,,5888.44,2.49819,,5888.44,1.97774
6025.6,0.0286805,,6025.6,0.313127,,6025.6,2.49995,,6025.6,1.95657
6165.95,0.0293625,,6165.95,0.321967,,6165.95,2.4976,,6165.95,1.9351
6309.57,0.0300614,,6309.57,0.331139,,6309.57,2.49115,,6309.57,1.91334
6456.54,0.0307776,,6456.54,0.34066,,6456.54,2.48069,,6456.54,1.89131
6606.93,0.0315117,,6606.93,0.350552,,6606.93,2.46636,,6606.93,1.86902
6760.83,0.0322642,,6760.83,0.360836,,6760.83,2.44832,,6760.83,1.84649
6918.31,0.0330355,,6918.31,0.371537,,6918.31,2.42678,,6918.31,1.82374
7079.46,0.0338263,,7079.46,0.382679,,7079.46,2.40199,,7079.46,1.80078
7244.36,0.034637,,7244.36,0.39429,,7244.36,2.37422,,7244.36,1.77764
7413.1,0.0354682,,7413.1,0.406403,,7413.1,2.34374,,7413.1,1.75432
7585.78,0.0363206,,7585.78,0.419049,,7585.78,2.31085,,7585.78,1.73086
7762.47,0.0371948,,7762.47,0.432264,,7762.47,2.27585,,7762.47,1.70726
7943.28,0.0380914,,7943.28,0.44609,,7943.28,2.23903,,7943.28,1.68355
8128.31,0.039011,,8128.31,0.46057,,8128.31,2.20067,,8128.31,1.65974
8317.64,0.0399545,,8317.64,0.475751,,8317.64,2.16105,,8317.64,1.63586
8511.38,0.0409225,,8511.38,0.491687,,8511.38,2.12043,,8511.38,1.61191
8709.64,0.0419158,,8709.64,0.508436,,8709.64,2.07904,,8709.64,1.58793
8912.51,0.0429352,,8912.51,0.526063,,8912.51,2.0371,,8912.51,1.56393
9120.11,0.0439815,,9120.11,0.544639,,9120.11,1.99483,,9120.11,1.53992
9332.54,0.0450556,,9332.54,0.564243,,9332.54,1.95239,,9332.54,1.51592
9549.93,0.0461584,,9549.93,0.584965,,9549.93,1.90994,,9549.93,1.49195
9772.37,0.0472908,,9772.37,0.606902,,9772.37,1.86764,,9772.37,1.46803
10000,0.0484538,,10000,0.630166,,10000,1.8256,,10000,1.44418
10232.9,0.0496485,,10232.9,0.654879,,10232.9,1.78393,,10232.9,1.4204
10471.3,0.0508759,,10471.3,0.68118,,10471.3,1.74272,,10471.3,1.39672
10715.2,0.0521372,,10715.2,0.709225,,10715.2,1.70205,,10715.2,1.37314
10964.8,0.0534336,,10964.8,0.73919,,10964.8,1.66199,,10964.8,1.34969
11220.2,0.0547663,,11220.2,0.771273,,11220.2,1.62258,,11220.2,1.32637
11481.5,0.0561367,,11481.5,0.8057,,11481.5,1.58387,,11481.5,1.30321
11749,0.0575461,,11749,0.842723,,11749,1.54588,,11749,1.2802
12022.6,0.058996,,12022.6,0.882631,,12022.6,1.50866,,12022.6,1.25737
12302.7,0.0604879,,12302.7,0.925749,,12302.7,1.47221,,12302.7,1.23473
12589.3,0.0620235,,12589.3,0.972448,,12589.3,1.43655,,12589.3,1.21228
12882.5,0.0636046,,12882.5,1.02314,,12882.5,1.40168,,12882.5,1.19004
13182.6,0.0652328,,13182.6,1.0783,,13182.6,1.36761,,13182.6,1.16801
13489.6,0.0669102,,13489.6,1.13843,,13489.6,1.33433,,13489.6,1.1462
13803.8,0.0686387,,13803.8,1.20412,,13803.8,1.30185,,13803.8,1.12463
14125.4,0.0704206,,14125.4,1.27597,,14125.4,1.27015,,14125.4,1.1033
14454.4,0.0722581,,14454.4,1.3546,,14454.4,1.23922,,14454.4,1.08221
14791.1,0.0741537,,14791.1,1.44063,,14791.1,1.20906,,14791.1,1.06137
15135.6,0.07611,,15135.6,1.53457,,15135.6,1.17966,,15135.6,1.0408
15488.2,0.0781298,,15488.2,1.6367,,15488.2,1.15099,,15488.2,1.02048
15848.9,0.080216,,15848.9,1.74689,,15848.9,1.12304,,15848.9,1.00043
16218.1,0.0823717,,16218.1,1.8643,,16218.1,1.0958,,16218.1,0.980657
16595.9,0.0846004,,16595.9,1.98695,,16595.9,1.06926,,16595.9,0.961156
16982.4,0.0869057,,16982.4,2.11126,,16982.4,1.04339,,16982.4,0.941934
17378,0.0892915,,17378,2.23153,,17378,1.01819,,17378,0.922992
17782.8,0.0917618,,17782.8,2.33988,,17782.8,0.993629,,17782.8,0.904332
18197,0.0943213,,18197,2.42673,,18197,0.969697,,18197,0.885958
18620.9,0.0969748,,18620.9,2.48246,,18620.9,0.946377,,18620.9,0.867869
19054.6,0.0997274,,19054.6,2.49989,,19054.6,0.923654,,19054.6,0.850066
19498.4,0.102585,,19498.4,2.47659,,19498.4,0.901511,,19498.4,0.832551
19952.6,0.105553,,19952.6,2.41579,,19952.6,0.879933,,19952.6,0.815323
20417.4,0.108639,,20417.4,2.32519,,20417.4,0.858904,,20417.4,0.798382
20893,0.11185,,20893,2.21453,,20893,0.838411,,20893,0.781727
21379.6,0.115193,,21379.6,2.09323,,21379.6,0.818437,,21379.6,0.765359
21877.6,0.118677,,21877.6,1.96887,,21877.6,0.798969,,21877.6,0.749275
22387.2,0.122311,,22387.2,1.8468,,22387.2,0.779993,,22387.2,0.733474
22908.7,0.126106,,22908.7,1.73035,,22908.7,0.761495,,22908.7,0.717955
23442.3,0.130073,,23442.3,1.6213,,23442.3,0.743462,,23442.3,0.702716
23988.3,0.134224,,23988.3,1.52037,,23988.3,0.725881,,23988.3,0.687755
24547.1,0.138572,,24547.1,1.42761,,24547.1,0.70874,,24547.1,0.673069
25118.9,0.143133,,25118.9,1.3427,,25118.9,0.692026,,25118.9,0.658657
25704,0.147923,,25704,1.26509,,25704,0.675728,,25704,0.644516
26302.7,0.15296,,26302.7,1.19418,,26302.7,0.659834,,26302.7,0.630643
26915.3,0.158265,,26915.3,1.12934,,26915.3,0.644334,,26915.3,0.617035
27542.3,0.163861,,27542.3,1.06996,,27542.3,0.629216,,27542.3,0.603689
28183.8,0.169774,,28183.8,1.01549,,28183.8,0.614471,,28183.8,0.590603
28840.3,0.176031,,28840.3,0.965404,,28840.3,0.600087,,28840.3,0.577773
29512.1,0.182667,,29512.1,0.919253,,29512.1,0.586056,,29512.1,0.565196
30199.5,0.189716,,30199.5,0.876624,,30199.5,0.572367,,30199.5,0.552868
30903,0.197222,,30903,0.837156,,30903,0.559012,,30903,0.540786
31622.8,0.205231,,31622.8,0.800528,,31622.8,0.545981,,31622.8,0.528947
32359.4,0.213799,,32359.4,0.766459,,32359.4,0.533267,,32359.4,0.517348
33113.1,0.222987,,33113.1,0.734698,,33113.1,0.52086,,33113.1,0.505984
33884.4,0.23287,,33884.4,0.705024,,33884.4,0.508753,,33884.4,0.494852
34673.7,0.24353,,34673.7,0.677244,,34673.7,0.496937,,34673.7,0.483948
35481.3,0.255068,,35481.3,0.651184,,35481.3,0.485406,,35481.3,0.473269
36307.8,0.2676,,36307.8,0.62669,,36307.8,0.474151,,36307.8,0.462812
37153.5,0.281263,,37153.5,0.603627,,37153.5,0.463165,,37153.5,0.452572
38018.9,0.296223,,38018.9,0.581874,,38018.9,0.452442,,38018.9,0.442546
38904.5,0.312678,,38904.5,0.561321,,38904.5,0.441975,,38904.5,0.43273
39810.7,0.330868,,39810.7,0.541872,,39810.7,0.431756,,39810.7,0.423121
40738,0.351089,,40738,0.523439,,40738,0.421781,,40738,0.413715
41686.9,0.373706,,41686.9,0.505945,,41686.9,0.412042,,41686.9,0.404509
42658,0.399177,,42658,0.489318,,42658,0.402534,,42658,0.395498
43651.6,0.42808,,43651.6,0.473496,,43651.6,0.393251,,43651.6,0.386679
44668.4,0.461162,,44668.4,0.45842,,44668.4,0.384187,,44668.4,0.378049
45708.8,0.499394,,45708.8,0.444039,,45708.8,0.375336,,45708.8,0.369604
46773.5,0.544067,,46773.5,0.430304,,46773.5,0.366694,,46773.5,0.361341
47863,0.596927,,47863,0.417174,,47863,0.358255,,47863,0.353257
48977.9,0.660382,,48977.9,0.404608,,48977.9,0.350014,,48977.9,0.345347
50118.7,0.737826,,50118.7,0.392571,,50118.7,0.341967,,50118.7,0.337608
51286.1,0.834151,,51286.1,0.38103,,51286.1,0.334107,,51286.1,0.330038
52480.7,0.956543,,52480.7,0.369954,,52480.7,0.326432,,52480.7,0.322632
53703.2,1.11563,,53703.2,0.359316,,53703.2,0.318936,,53703.2,0.315388
54954.1,1.32671,,54954.1,0.34909,,54954.1,0.311615,,54954.1,0.308302
56234.1,1.60859,,56234.1,0.339254,,56234.1,0.304465,,56234.1,0.301371
57544,1.96846,,57544,0.329785,,57544,0.297481,,57544,0.294593
58884.4,2.33962,,58884.4,0.320663,,58884.4,0.290659,,58884.4,0.287963
60256,2.4989,,60256,0.31187,,60256,0.283996,,60256,0.281479
61659.5,2.29183,,61659.5,0.303388,,61659.5,0.277488,,61659.5,0.275138
63095.7,1.91219,,63095.7,0.295203,,63095.7,0.271131,,63095.7,0.268937
64565.4,1.56246,,64565.4,0.287298,,64565.4,0.264922,,64565.4,0.262873
66069.3,1.29198,,66069.3,0.27966,,66069.3,0.258856,,66069.3,0.256943
67608.3,1.08962,,67608.3,0.272277,,67608.3,0.25293,,67608.3,0.251145
69183.1,0.936715,,69183.1,0.265136,,69183.1,0.247142,,69183.1,0.245475
70794.6,0.818689,,70794.6,0.258226,,70794.6,0.241488,,70794.6,0.239932
72443.6,0.725498,,72443.6,0.251537,,72443.6,0.235964,,72443.6,0.234511
74131,0.650355,,74131,0.245058,,74131,0.230567,,74131,0.229211
75857.8,0.588628,,75857.8,0.238781,,75857.8,0.225295,,75857.8,0.22403
77624.7,0.537093,,77624.7,0.232697,,77624.7,0.220145,,77624.7,0.218964
79432.8,0.493454,,79432.8,0.226798,,79432.8,0.215113,,79432.8,0.214011
81283.1,0.456045,,81283.1,0.221076,,81283.1,0.210198,,81283.1,0.209168
83176.4,0.423626,,83176.4,0.215524,,83176.4,0.205395,,83176.4,0.204434
85113.8,0.395265,,85113.8,0.210135,,85113.8,0.200703,,85113.8,0.199806
87096.4,0.370244,,87096.4,0.204902,,87096.4,0.196119,,87096.4,0.195282
89125.1,0.348002,,89125.1,0.199821,,89125.1,0.19164,,89125.1,0.190859
91201.1,0.328098,,91201.1,0.194884,,91201.1,0.187264,,91201.1,0.186535
93325.4,0.310177,,93325.4,0.190088,,93325.4,0.182989,,93325.4,0.182308
95499.3,0.293954,,95499.3,0.185425,,95499.3,0.178812,,95499.3,0.178176
97723.7,0.279195,,97723.7,0.180892,,97723.7,0.174731,,97723.7,0.174137
100000,0.265706,,100000,0.176484,,100000,0.170743,,100000,0.170189
102329,0.253327,,102329,0.172196,,102329,0.166847,,102329,0.16633
104713,0.241924,,104713,0.168025,,104713,0.16304,,104713,0.162557
107152,0.231383,,107152,0.163967,,107152,0.15932,,107152,0.15887
109648,0.221607,,109648,0.160016,,109648,0.155686,,109648,0.155265
112202,0.212513,,112202,0.156171,,112202,0.152135,,112202,0.151742
114815,0.20403,,114815,0.152427,,114815,0.148665,,114815,0.148299
117490,0.196098,,117490,0.148782,,117490,0.145274,,117490,0.144933
120226,0.188661,,120226,0.145231,,120226,0.141962,,120226,0.141643
123027,0.181675,,123027,0.141773,,123027,0.138725,,123027,0.138427
125893,0.175097,,125893,0.138404,,125893,0.135562,,125893,0.135284
128825,0.168891,,128825,0.135121,,128825,0.132471,,128825,0.132212
131826,0.163027,,131826,0.131922,,131826,0.129451,,131826,0.129209
134896,0.157475,,134896,0.128804,,134896,0.1265,,134896,0.126274
138038,0.15221,,138038,0.125765,,138038,0.123617,,138038,0.123406
141254,0.14721,,141254,0.122803,,141254,0.120799,,141254,0.120602
144544,0.142454,,144544,0.119914,,144544,0.118046,,144544,0.117862
147911,0.137925,,147911,0.117098,,147911,0.115356,,147911,0.115184
151356,0.133607,,151356,0.114352,,151356,0.112727,,151356,0.112567
154882,0.129484,,154882,0.111674,,154882,0.110158,,154882,0.110009
158489,0.125543,,158489,0.109062,,158489,0.107648,,158489,0.107509
162181,0.121772,,162181,0.106514,,162181,0.105195,,162181,0.105065
165959,0.11816,,165959,0.104028,,165959,0.102799,,165959,0.102677
169824,0.114697,,169824,0.101603,,169824,0.100456,,169824,0.100343
173780,0.111374,,173780,0.0992376,,173780,0.0981678,,173780,0.0980621
177828,0.108182,,177828,0.0969293,,177828,0.0959314,,177828,0.0958327
181970,0.105113,,181970,0.0946769,,181970,0.093746,,181970,0.0936539
186209,0.102162,,186209,0.0924788,,186209,0.0916105,,186209,0.0915245
190546,0.0993199,,190546,0.0903337,,190546,0.0895236,,190546,0.0894434
194984,0.0965821,,194984,0.0882401,,194984,0.0874844,,194984,0.0874096
199526,0.0939426,,199526,0.0861967,,199526,0.0854917,,199526,0.0854219
204174,0.0913964,,204174,0.0842022,,204174,0.0835445,,204174,0.0834793
208930,0.0889387,,208930,0.0822552,,208930,0.0816417,,208930,0.0815808
213796,0.0865649,,213796,0.0803546,,213796,0.0797822,,213796,0.0797254
218776,0.084271,,218776,0.0784992,,218776,0.0779652,,218776,0.0779121
223872,0.0820532,,223872,0.0766877,,223872,0.0761895,,223872,0.0761401
229087,0.0799078,,229087,0.0749192,,229087,0.0744544,,229087,0.0744082
234423,0.0778315,,234423,0.0731925,,234423,0.0727588,,234423,0.0727157
239883,0.0758211,,239883,0.0715065,,239883,0.0711018,,239883,0.0710616
245471,0.0738739,,245471,0.0698602,,245471,0.0694827,,245471,0.0694451
251189,0.0719869,,251189,0.0682526,,251189,0.0679004,,251189,0.0678654
257040,0.0701576,,257040,0.0666828,,257040,0.0663542,,257040,0.0663215
263027,0.0683836,,263027,0.0651498,,263027,0.0648432,,263027,0.0648127
269153,0.0666627,,269153,0.0636528,,269153,0.0633667,,269153,0.0633382
275423,0.0649926,,275423,0.0621907,,275423,0.0619238,,275423,0.0618972
281838,0.0633714,,281838,0.0607628,,281838,0.0605137,,281838,0.0604889
288403,0.0617971,,288403,0.0593683,,288403,0.0591358,,288403,0.0591127
295121,0.0602679,,295121,0.0580062,,295121,0.0577893,,295121,0.0577677
301995,0.0587822,,301995,0.0566759,,301995,0.0564735,,301995,0.0564534
309030,0.0573383,,309030,0.0553765,,309030,0.0551877,,309030,0.0551689
316228,0.0559347,,316228,0.0541073,,316228,0.0539311,,316228,0.0539136
323594,0.0545699,,323594,0.0528676,,323594,0.0527032,,323594,0.0526868
331131,0.0532426,,331131,0.0516567,,331131,0.0515032,,331131,0.0514879
338844,0.0519514,,338844,0.0504738,,338844,0.0503306,,338844,0.0503163
346737,0.0506951,,346737,0.0493183,,346737,0.0491847,,346737,0.0491714
354813,0.0494726,,354813,0.0481895,,354813,0.0480649,,354813,0.0480525
363078,0.0482826,,363078,0.0470869,,363078,0.0469706,,363078,0.046959
371535,0.0471241,,371535,0.0460097,,371535,0.0459012,,371535,0.0458904
380189,0.0459961,,380189,0.0449575,,380189,0.0448562,,380189,0.0448461
389045,0.0448975,,389045,0.0439295,,389045,0.0438349,,389045,0.0438255
398107,0.0438276,,398107,0.0429252,,398107,0.042837,,398107,0.0428282
407380,0.0427852,,407380,0.041944,,407380,0.0418617,,407380,0.0418535
416869,0.0417697,,416869,0.0409855,,416869,0.0409087,,416869,0.040901
426580,0.0407802,,426580,0.040049,,426580,0.0399774,,426580,0.0399702
436516,0.0398158,,436516,0.0391341,,436516,0.0390672,,436516,0.0390606
446684,0.0388758,,446684,0.0382403,,446684,0.0381779,,446684,0.0381716
457088,0.0379596,,457088,0.037367,,457088,0.0373087,,457088,0.0373029
467735,0.0370663,,467735,0.0365137,,467735,0.0364594,,467735,0.0364539
478630,0.0361953,,478630,0.0356801,,478630,0.0356293,,478630,0.0356243
489779,0.0353461,,489779,0.0348656,,489779,0.0348182,,489779,0.0348135
501187,0.0345179,,501187,0.0340698,,501187,0.0340256,,501187,0.0340212
512861,0.0337101,,512861,0.0332922,,512861,0.033251,,512861,0.0332469
524807,0.0329222,,524807,0.0325325,,524807,0.032494,,524807,0.0324902
537032,0.0321537,,537032,0.0317902,,537032,0.0317543,,537032,0.0317507
549541,0.031404,,549541,0.0310649,,549541,0.0310314,,549541,0.0310281
562341,0.0306725,,562341,0.0303563,,562341,0.030325,,562341,0.0303219
575440,0.0299588,,575440,0.0296639,,575440,0.0296347,,575440,0.0296318
588844,0.0292624,,588844,0.0289873,,588844,0.0289601,,588844,0.0289573
602560,0.0285828,,602560,0.0283262,,602560,0.0283008,,602560,0.0282983
616595,0.0279196,,616595,0.0276803,,616595,0.0276566,,616595,0.0276542
630957,0.0272724,,630957,0.0270491,,630957,0.027027,,630957,0.0270248
645654,0.0266407,,645654,0.0264324,,645654,0.0264117,,645654,0.0264097
660693,0.0260241,,660693,0.0258298,,660693,0.0258105,,660693,0.0258086
676083,0.0254222,,676083,0.0252409,,676083,0.0252229,,676083,0.0252211
691831,0.0248346,,691831,0.0246655,,691831,0.0246488,,691831,0.0246471
707946,0.0242611,,707946,0.0241033,,707946,0.0240877,,707946,0.0240861
724436,0.0237011,,724436,0.0235539,,724436,0.0235393,,724436,0.0235379
741310,0.0231544,,741310,0.0230171,,741310,0.0230035,,741310,0.0230021
758578,0.0226207,,758578,0.0224926,,758578,0.0224798,,758578,0.0224786
776247,0.0220995,,776247,0.02198,,776247,0.0219681,,776247,0.0219669
794328,0.0215906,,794328,0.0214791,,794328,0.021468,,794328,0.0214669
812831,0.0210937,,812831,0.0209897,,812831,0.0209793,,812831,0.0209783
831764,0.0206085,,831764,0.0205114,,831764,0.0205018,,831764,0.0205008
851138,0.0201346,,851138,0.0200441,,851138,0.0200351,,851138,0.0200342
870964,0.0196719,,870964,0.0195874,,870964,0.019579,,870964,0.0195782
891251,0.01922,,891251,0.0191412,,891251,0.0191333,,891251,0.0191325
912011,0.0187787,,912011,0.0187051,,912011,0.0186978,,912011,0.0186971
933254,0.0183476,,933254,0.018279,,933254,0.0182722,,933254,0.0182715
954993,0.0179266,,954993,0.0178626,,954993,0.0178562,,954993,0.0178556
977237,0.0175155,,977237,0.0174557,,977237,0.0174498,,977237,0.0174492
1e+006,0.0171138,,1e+006,0.0170581,,1e+006,0.0170525,,1e+006,0.017052
