1,178.2,,1,178.2,,1,178.19,,1,178.093
1.02329,178.159,,1.02329,178.158,,1.02329,178.148,,1.02329,178.048
1.04713,178.116,,1.04713,178.115,,1.04713,178.105,,1.04713,178.003
1.07152,178.072,,1.07152,178.071,,1.07152,178.06,,1.07152,177.956
1.09648,178.027,,1.09648,178.026,,1.09648,178.015,,1.09648,177.909
1.12202,177.981,,1.12202,177.98,,1.12202,177.969,,1.12202,177.86
1.14815,177.934,,1.14815,177.933,,1.14815,177.922,,1.14815,177.81
1.1749,177.886,,1.1749,177.885,,1.1749,177.873,,1.1749,177.759
1.20226,177.837,,1.20226,177.836,,1.20226,177.824,,1.20226,177.707
1.23027,177.786,,1.23027,177.785,,1.23027,177.773,,1.23027,177.654
1.25893,177.735,,1.25893,177.734,,1.25893,177.722,,1.25893,177.599
1.28825,177.682,,1.28825,177.681,,1.28825,177.669,,1.28825,177.543
1.31826,177.628,,1.31826,177.627,,1.31826,177.614,,1.31826,177.486
1.34896,177.573,,1.34896,177.572,,1.34896,177.559,,1.34896,177.428
1.38038,177.517,,1.38038,177.515,,1.38038,177.502,,1.38038,177.368
1.41254,177.459,,1.41254,177.458,,1.41254,177.444,,1.41254,177.307
1.44544,177.4,,1.44544,177.398,,1.44544,177.384,,1.44544,177.244
1.47911,177.339,,1.47911,177.338,,1.47911,177.324,,1.47911,177.18
1.51356,177.277,,1.51356,177.276,,1.51356,177.261,,1.51356,177.114
1.54882,177.214,,1.54882,177.213,,1.54882,177.198,,1.54882,177.047
1.58489,177.149,,1.58489,177.148,,1.58489,177.132,,1.58489,176.978
1.62181,177.083,,1.62181,177.082,,1.62181,177.066,,1.62181,176.908
1.65959,177.015,,1.65959,177.014,,1.65959,176.998,,1.65959,176.836
1.69824,176.946,,1.69824,176.944,,1.69824,176.928,,1.69824,176.763
1.7378,176.875,,1.7378,176.873,,1.7378,176.856,,1.7378,176.687
1.77828,176.802,,1.77828,176.801,,1.77828,176.783,,1.77828,176.61
1.8197,176.728,,1.8197,176.726,,1.8197,176.708,,1.8197,176.532
1.86209,176.652,,1.86209,176.65,,1.86209,176.632,,1.86209,176.451
1.90546,176.574,,1.90546,176.572,,1.90546,176.554,,1.90546,176.368
1.94984,176.494,,1.94984,176.493,,1.94984,176.474,,1.94984,176.284
1.99526,176.413,,1.99526,176.411,,1.99526,176.392,,1.99526,176.198
2.04174,176.33,,2.04174,176.328,,2.04174,176.308,,2.04174,176.109
2.0893,176.244,,2.0893,176.242,,2.0893,176.222,,2.0893,176.019
2.13796,176.157,,2.13796,176.155,,2.13796,176.134,,2.13796,175.927
2.18776,176.068,,2.18776,176.066,,2.18776,176.045,,2.18776,175.832
2.23872,175.977,,2.23872,175.975,,2.23872,175.953,,2.23872,175.735
2.29087,175.883,,2.29087,175.881,,2.29087,175.859,,2.29087,175.636
2.34423,175.788,,2.34423,175.785,,2.34423,175.763,,2.34423,175.535
2.39883,175.69,,2.39883,175.688,,2.39883,175.664,,2.39883,175.431
2.45471,175.59,,2.45471,175.588,,2.45471,175.564,,2.45471,175.325
2.51189,175.488,,2.51189,175.485,,2.51189,175.461,,2.51189,175.217
2.5704,175.383,,2.5704,175.381,,2.5704,175.356,,2.5704,175.106
2.63027,175.276,,2.63027,175.273,,2.63027,175.248,,2.63027,174.992
2.69153,175.166,,2.69153,175.164,,2.69153,175.138,,2.69153,174.876
2.75423,175.054,,2.75423,175.052,,2.75423,175.025,,2.75423,174.757
2.81838,174.94,,2.81838,174.937,,2.81838,174.91,,2.81838,174.636
2.88403,174.823,,2.88403,174.82,,2.88403,174.792,,2.88403,174.511
2.95121,174.703,,2.95121,174.7,,2.95121,174.671,,2.95121,174.384
3.01995,174.58,,3.01995,174.577,,3.01995,174.548,,3.01995,174.254
3.0903,174.455,,3.0903,174.452,,3.0903,174.421,,3.0903,174.121
3.16228,174.326,,3.16228,174.323,,3.16228,174.292,,3.16228,173.985
3.23594,174.195,,3.23594,174.192,,3.23594,174.16,,3.23594,173.846
3.31131,174.061,,3.31131,174.057,,3.31131,174.025,,3.31131,173.703
3.38844,173.923,,3.38844,173.92,,3.38844,173.887,,3.38844,173.558
3.46737,173.783,,3.46737,173.78,,3.46737,173.746,,3.46737,173.409
3.54813,173.639,,3.54813,173.636,,3.54813,173.601,,3.54813,173.256
3.63078,173.492,,3.63078,173.489,,3.63078,173.454,,3.63078,173.101
3.71535,173.342,,3.71535,173.338,,3.71535,173.302,,3.71535,172.941
3.80189,173.188,,3.80189,173.185,,3.80189,173.148,,3.80189,172.778
3.89045,173.031,,3.89045,173.028,,3.89045,172.99,,3.89045,172.612
3.98107,172.871,,3.98107,172.867,,3.98107,172.828,,3.98107,172.441
4.0738,172.706,,4.0738,172.702,,4.0738,172.663,,4.0738,172.267
4.16869,172.538,,4.16869,172.534,,4.16869,172.494,,4.16869,172.089
4.2658,172.367,,4.2658,172.362,,4.2658,172.321,,4.2658,171.906
4.36516,172.191,,4.36516,172.187,,4.36516,172.144,,4.36516,171.72
4.46684,172.011,,4.46684,172.007,,4.46684,171.964,,4.46684,171.529
4.57088,171.828,,4.57088,171.823,,4.57088,171.779,,4.57088,171.335
4.67735,171.64,,4.67735,171.636,,4.67735,171.59,,4.67735,171.135
4.7863,171.448,,4.7863,171.444,,4.7863,171.397,,4.7863,170.932
4.89779,171.252,,4.89779,171.247,,4.89779,171.2,,4.89779,170.724
5.01187,171.052,,5.01187,171.047,,5.01187,170.998,,5.01187,170.511
5.12861,170.847,,5.12861,170.842,,5.12861,170.792,,5.12861,170.293
5.24807,170.637,,5.24807,170.632,,5.24807,170.581,,5.24807,170.071
5.37032,170.423,,5.37032,170.418,,5.37032,170.366,,5.37032,169.844
5.49541,170.204,,5.49541,170.199,,5.49541,170.145,,5.49541,169.611
5.62341,169.981,,5.62341,169.975,,5.62341,169.92,,5.62341,169.374
5.7544,169.752,,5.7544,169.747,,5.7544,169.691,,5.7544,169.131
5.88844,169.519,,5.88844,169.513,,5.88844,169.456,,5.88844,168.883
6.0256,169.28,,6.0256,169.274,,6.0256,169.216,,6.0256,168.63
6.16595,169.036,,6.16595,169.03,,6.16595,168.97,,6.16595,168.371
6.30957,168.787,,6.30957,168.781,,6.30957,168.72,,6.30957,168.107
6.45654,168.533,,6.45654,168.527,,6.45654,168.464,,6.45654,167.837
6.60693,168.273,,6.60693,168.267,,6.60693,168.203,,6.60693,167.56
6.76083,168.008,,6.76083,168.001,,6.76083,167.936,,6.76083,167.279
6.91831,167.737,,6.91831,167.73,,6.91831,167.663,,6.91831,166.991
7.07946,167.46,,7.07946,167.453,,7.07946,167.385,,7.07946,166.697
7.24436,167.178,,7.24436,167.171,,7.24436,167.1,,7.24436,166.396
7.4131,166.889,,7.4131,166.882,,7.4131,166.81,,7.4131,166.09
7.58578,166.595,,7.58578,166.587,,7.58578,166.514,,7.58578,165.776
7.76247,166.294,,7.76247,166.287,,7.76247,166.211,,7.76247,165.457
7.94328,165.987,,7.94328,165.98,,7.94328,165.902,,7.94328,165.13
8.12831,165.674,,8.12831,165.666,,8.12831,165.587,,8.12831,164.797
8.31764,165.355,,8.31764,165.347,,8.31764,165.266,,8.31764,164.457
8.51138,165.029,,8.51138,165.021,,8.51138,164.938,,8.51138,164.111
8.70964,164.696,,8.70964,164.688,,8.70964,164.603,,8.70964,163.757
8.91251,164.357,,8.91251,164.348,,8.91251,164.262,,8.91251,163.396
9.12011,164.011,,9.12011,164.002,,9.12011,163.914,,9.12011,163.027
9.33254,163.658,,9.33254,163.649,,9.33254,163.559,,9.33254,162.652
9.54993,163.299,,9.54993,163.289,,9.54993,163.197,,9.54993,162.268
9.77237,162.932,,9.77237,162.923,,9.77237,162.828,,9.77237,161.878
10,162.558,,10,162.549,,10,162.451,,10,161.48
10.2329,162.177,,10.2329,162.168,,10.2329,162.068,,10.2329,161.074
10.4713,161.789,,10.4713,161.779,,10.4713,161.678,,10.4713,160.66
10.7152,161.394,,10.7152,161.384,,10.7152,161.28,,10.7152,160.238
10.9648,160.992,,10.9648,160.981,,10.9648,160.874,,10.9648,159.809
11.2202,160.582,,11.2202,160.571,,11.2202,160.462,,11.2202,159.371
11.4815,160.164,,11.4815,160.153,,11.4815,160.041,,11.4815,158.926
11.749,159.739,,11.749,159.728,,11.749,159.614,,11.749,158.472
12.0226,159.307,,12.0226,159.295,,12.0226,159.178,,12.0226,158.01
12.3027,158.867,,12.3027,158.855,,12.3027,158.736,,12.3027,157.54
12.5893,158.42,,12.5893,158.407,,12.5893,158.285,,12.5893,157.062
12.8825,157.965,,12.8825,157.952,,12.8825,157.827,,12.8825,156.575
13.1826,157.502,,13.1826,157.489,,13.1826,157.361,,13.1826,156.08
13.4896,157.032,,13.4896,157.019,,13.4896,156.888,,13.4896,155.577
13.8038,156.554,,13.8038,156.541,,13.8038,156.406,,13.8038,155.065
14.1254,156.069,,14.1254,156.055,,14.1254,155.918,,14.1254,154.545
14.4544,155.576,,14.4544,155.562,,14.4544,155.421,,14.4544,154.017
14.7911,155.075,,14.7911,155.061,,14.7911,154.917,,14.7911,153.48
15.1356,154.567,,15.1356,154.553,,15.1356,154.405,,15.1356,152.935
15.4882,154.052,,15.4882,154.037,,15.4882,153.886,,15.4882,152.381
15.8489,153.529,,15.8489,153.514,,15.8489,153.36,,15.8489,151.82
16.2181,152.999,,16.2181,152.983,,16.2181,152.826,,16.2181,151.25
16.5959,152.462,,16.5959,152.446,,16.5959,152.284,,16.5959,150.672
16.9824,151.917,,16.9824,151.901,,16.9824,151.736,,16.9824,150.086
17.378,151.366,,17.378,151.349,,17.378,151.18,,17.378,149.492
17.7828,150.808,,17.7828,150.79,,17.7828,150.617,,17.7828,148.89
18.197,150.242,,18.197,150.225,,18.197,150.048,,18.197,148.28
18.6209,149.671,,18.6209,149.653,,18.6209,149.472,,18.6209,147.662
19.0546,149.092,,19.0546,149.074,,19.0546,148.889,,19.0546,147.037
19.4984,148.508,,19.4984,148.489,,19.4984,148.299,,19.4984,146.405
19.9526,147.917,,19.9526,147.898,,19.9526,147.704,,19.9526,145.765
20.4174,147.32,,20.4174,147.301,,20.4174,147.102,,20.4174,145.118
20.893,146.718,,20.893,146.698,,20.893,146.495,,20.893,144.465
21.3796,146.11,,21.3796,146.089,,21.3796,145.881,,21.3796,143.804
21.8776,145.497,,21.8776,145.475,,21.8776,145.263,,21.8776,143.137
22.3872,144.878,,22.3872,144.857,,22.3872,144.639,,22.3872,142.464
22.9087,144.255,,22.9087,144.233,,22.9087,144.01,,22.9087,141.785
23.4423,143.627,,23.4423,143.604,,23.4423,143.377,,23.4423,141.099
23.9883,142.995,,23.9883,142.972,,23.9883,142.739,,23.9883,140.408
24.5471,142.359,,24.5471,142.335,,24.5471,142.097,,24.5471,139.712
25.1189,141.719,,25.1189,141.695,,25.1189,141.451,,25.1189,139.011
25.704,141.076,,25.704,141.051,,25.704,140.801,,25.704,138.304
26.3027,140.429,,26.3027,140.404,,26.3027,140.148,,26.3027,137.593
26.9153,139.78,,26.9153,139.754,,26.9153,139.492,,26.9153,136.878
27.5423,139.128,,27.5423,139.102,,27.5423,138.834,,27.5423,136.159
28.1838,138.475,,28.1838,138.447,,28.1838,138.173,,28.1838,135.436
28.8403,137.819,,28.8403,137.791,,28.8403,137.511,,28.8403,134.71
29.5121,137.162,,29.5121,137.133,,29.5121,136.846,,29.5121,133.98
30.1995,136.503,,30.1995,136.474,,30.1995,136.18,,30.1995,133.248
30.903,135.844,,30.903,135.814,,30.903,135.514,,30.903,132.513
31.6228,135.185,,31.6228,135.154,,31.6228,134.846,,31.6228,131.776
32.3594,134.525,,32.3594,134.493,,32.3594,134.179,,32.3594,131.037
33.1131,133.865,,33.1131,133.833,,33.1131,133.511,,33.1131,130.296
33.8844,133.207,,33.8844,133.174,,33.8844,132.844,,33.8844,129.555
34.6737,132.549,,34.6737,132.515,,34.6737,132.178,,34.6737,128.812
35.4813,131.892,,35.4813,131.858,,35.4813,131.513,,35.4813,128.068
36.3078,131.237,,36.3078,131.202,,36.3078,130.849,,36.3078,127.324
37.1535,130.584,,37.1535,130.548,,37.1535,130.187,,37.1535,126.58
38.0189,129.933,,38.0189,129.896,,38.0189,129.527,,38.0189,125.837
38.9045,129.285,,38.9045,129.247,,38.9045,128.869,,38.9045,125.093
39.8107,128.64,,39.8107,128.601,,39.8107,128.214,,39.8107,124.351
40.738,127.998,,40.738,127.959,,40.738,127.563,,40.738,123.609
41.6869,127.36,,41.6869,127.319,,41.6869,126.914,,41.6869,122.869
42.658,126.725,,42.658,126.684,,42.658,126.269,,42.658,122.131
43.6516,126.095,,43.6516,126.053,,43.6516,125.628,,43.6516,121.394
44.6684,125.469,,44.6684,125.426,,44.6684,124.992,,44.6684,120.658
45.7088,124.848,,45.7088,124.803,,45.7088,124.359,,45.7088,119.926
46.7735,124.232,,46.7735,124.186,,46.7735,123.731,,46.7735,119.195
47.863,123.62,,47.863,123.574,,47.863,123.109,,47.863,118.467
48.9779,123.015,,48.9779,122.967,,48.9779,122.491,,48.9779,117.742
50.1187,122.415,,50.1187,122.366,,50.1187,121.879,,50.1187,117.02
51.2861,121.82,,51.2861,121.771,,51.2861,121.272,,51.2861,116.3
52.4807,121.232,,52.4807,121.181,,52.4807,120.671,,52.4807,115.584
53.7032,120.65,,53.7032,120.598,,53.7032,120.076,,53.7032,114.871
54.9541,120.075,,54.9541,120.021,,54.9541,119.487,,54.9541,114.162
56.2341,119.506,,56.2341,119.451,,56.2341,118.904,,56.2341,113.456
57.544,118.943,,57.544,118.887,,57.544,118.328,,57.544,112.753
58.8844,118.388,,58.8844,118.331,,58.8844,117.758,,58.8844,112.055
60.256,117.839,,60.256,117.781,,60.256,117.195,,60.256,111.36
61.6595,117.298,,61.6595,117.238,,61.6595,116.639,,61.6595,110.668
63.0957,116.764,,63.0957,116.702,,63.0957,116.089,,63.0957,109.98
64.5654,116.236,,64.5654,116.174,,64.5654,115.546,,64.5654,109.297
66.0693,115.717,,66.0693,115.653,,66.0693,115.01,,66.0693,108.616
67.6083,115.204,,67.6083,115.139,,67.6083,114.482,,67.6083,107.94
69.1831,114.7,,69.1831,114.632,,69.1831,113.96,,69.1831,107.267
70.7946,114.202,,70.7946,114.133,,70.7946,113.445,,70.7946,106.599
72.4436,113.712,,72.4436,113.642,,72.4436,112.938,,72.4436,105.933
74.131,113.23,,74.131,113.158,,74.131,112.437,,74.131,105.272
75.8578,112.755,,75.8578,112.682,,75.8578,111.944,,75.8578,104.613
77.6247,112.288,,77.6247,112.213,,77.6247,111.458,,77.6247,103.959
79.4328,111.829,,79.4328,111.752,,79.4328,110.979,,79.4328,103.307
81.2831,111.377,,81.2831,111.298,,81.2831,110.508,,81.2831,102.659
83.1764,110.932,,83.1764,110.852,,83.1764,110.043,,83.1764,102.014
85.1138,110.496,,85.1138,110.413,,85.1138,109.586,,85.1138,101.372
87.0964,110.066,,87.0964,109.982,,87.0964,109.135,,87.0964,100.733
89.1251,109.645,,89.1251,109.558,,89.1251,108.691,,89.1251,100.097
91.2011,109.23,,91.2011,109.142,,91.2011,108.255,,91.2011,99.4636
93.3254,108.823,,93.3254,108.732,,93.3254,107.825,,93.3254,98.8326
95.4993,108.424,,95.4993,108.331,,95.4993,107.402,,95.4993,98.2039
97.7237,108.031,,97.7237,107.936,,97.7237,106.986,,97.7237,97.5775
100,107.646,,100,107.549,,100,106.577,,100,96.9531
102.329,107.268,,102.329,107.169,,102.329,106.174,,102.329,96.3306
104.713,106.897,,104.713,106.795,,104.713,105.777,,104.713,95.7099
107.152,106.533,,107.152,106.429,,107.152,105.387,,107.152,95.0906
109.648,106.176,,109.648,106.07,,109.648,105.004,,109.648,94.4727
112.202,105.826,,112.202,105.717,,112.202,104.626,,112.202,93.856
114.815,105.483,,114.815,105.371,,114.815,104.255,,114.815,93.2403
117.49,105.146,,117.49,105.032,,117.49,103.89,,117.49,92.6253
120.226,104.816,,120.226,104.699,,120.226,103.531,,120.226,92.011
123.027,104.493,,123.027,104.373,,123.027,103.177,,123.027,91.3971
125.893,104.176,,125.893,104.053,,125.893,102.829,,125.893,90.7833
128.825,103.865,,128.825,103.74,,128.825,102.487,,128.825,90.1696
131.826,103.561,,131.826,103.433,,131.826,102.151,,131.826,89.5557
134.896,103.262,,134.896,103.131,,134.896,101.82,,134.896,88.9414
138.038,102.97,,138.038,102.836,,138.038,101.494,,138.038,88.3265
141.254,102.684,,141.254,102.547,,141.254,101.173,,141.254,87.7108
144.544,102.404,,144.544,102.263,,144.544,100.858,,144.544,87.0941
147.911,102.129,,147.911,101.985,,147.911,100.547,,147.911,86.4762
151.356,101.86,,151.356,101.713,,151.356,100.241,,151.356,85.8568
154.882,101.597,,154.882,101.446,,154.882,99.9403,,154.882,85.2359
158.489,101.339,,158.489,101.185,,158.489,99.6438,,158.489,84.6131
162.181,101.087,,162.181,100.929,,162.181,99.3519,,162.181,83.9884
165.959,100.84,,165.959,100.678,,165.959,99.0644,,165.959,83.3614
169.824,100.598,,169.824,100.433,,169.824,98.7811,,169.824,82.732
173.78,100.361,,173.78,100.192,,173.78,98.502,,173.78,82.1001
177.828,100.129,,177.828,99.9563,,177.828,98.2269,,177.828,81.4653
181.97,99.9024,,181.97,99.7255,,181.97,97.9557,,181.97,80.8276
186.209,99.6804,,186.209,99.4994,,186.209,97.6884,,186.209,80.1867
190.546,99.4632,,190.546,99.278,,190.546,97.4247,,190.546,79.5424
194.984,99.2506,,194.984,99.0611,,194.984,97.1646,,194.984,78.8947
199.526,99.0426,,199.526,98.8487,,199.526,96.9079,,199.526,78.2433
204.174,98.8391,,204.174,98.6406,,204.174,96.6546,,204.174,77.588
208.93,98.64,,208.93,98.4369,,208.93,96.4046,,208.93,76.9288
213.796,98.4452,,213.796,98.2373,,213.796,96.1576,,213.796,76.2653
218.776,98.2546,,218.776,98.0419,,218.776,95.9136,,218.776,75.5976
223.872,98.0681,,223.872,97.8505,,223.872,95.6726,,223.872,74.9254
229.087,97.8857,,229.087,97.663,,229.087,95.4343,,229.087,74.2487
234.423,97.7073,,234.423,97.4794,,234.423,95.1986,,234.423,73.5673
239.883,97.5327,,239.883,97.2995,,239.883,94.9655,,239.883,72.881
245.471,97.362,,245.471,97.1233,,245.471,94.7349,,245.471,72.1898
251.189,97.195,,251.189,96.9508,,251.189,94.5066,,251.189,71.4935
257.04,97.0316,,257.04,96.7817,,257.04,94.2805,,257.04,70.7922
263.027,96.8719,,263.027,96.6161,,263.027,94.0565,,263.027,70.0856
269.153,96.7156,,269.153,96.4539,,269.153,93.8345,,269.153,69.3738
275.423,96.5628,,275.423,96.295,,275.423,93.6144,,275.423,68.6566
281.838,96.4133,,281.838,96.1393,,281.838,93.396,,281.838,67.934
288.403,96.2671,,288.403,95.9867,,288.403,93.1794,,288.403,67.2059
295.121,96.1241,,295.121,95.8372,,295.121,92.9643,,295.121,66.4724
301.995,95.9843,,301.995,95.6907,,301.995,92.7506,,301.995,65.7334
309.03,95.8475,,309.03,95.5471,,309.03,92.5383,,309.03,64.989
316.228,95.7138,,316.228,95.4063,,316.228,92.3273,,316.228,64.239
323.594,95.583,,323.594,95.2684,,323.594,92.1174,,323.594,63.4835
331.131,95.4551,,331.131,95.1331,,331.131,91.9085,,331.131,62.7226
338.844,95.33,,338.844,95.0005,,338.844,91.7005,,338.844,61.9563
346.737,95.2077,,346.737,94.8705,,346.737,91.4933,,346.737,61.1847
354.813,95.0881,,354.813,94.7431,,354.813,91.2868,,354.813,60.4078
363.078,94.9711,,363.078,94.618,,363.078,91.0809,,363.078,59.6256
371.535,94.8567,,371.535,94.4954,,371.535,90.8755,,371.535,58.8384
380.189,94.7448,,380.189,94.3751,,380.189,90.6705,,380.189,58.0461
389.045,94.6354,,389.045,94.2571,,389.045,90.4657,,389.045,57.249
398.107,94.5284,,398.107,94.1413,,398.107,90.2611,,398.107,56.4471
407.38,94.4238,,407.38,94.0276,,407.38,90.0565,,407.38,55.6405
416.869,94.3214,,416.869,93.916,,416.869,89.8519,,416.869,54.8295
426.58,94.2214,,426.58,93.8065,,426.58,89.6471,,426.58,54.0142
436.516,94.1235,,436.516,93.699,,436.516,89.4421,,436.516,53.1948
446.684,94.0278,,446.684,93.5934,,446.684,89.2367,,446.684,52.3714
457.088,93.9342,,457.088,93.4896,,457.088,89.0307,,457.088,51.5442
467.735,93.8427,,467.735,93.3877,,467.735,88.8242,,467.735,50.7135
478.63,93.7531,,478.63,93.2876,,478.63,88.6169,,478.63,49.8795
489.779,93.6656,,489.779,93.1892,,489.779,88.4088,,489.779,49.0423
501.187,93.5799,,501.187,93.0924,,501.187,88.1997,,501.187,48.2023
512.861,93.4961,,512.861,92.9973,,512.861,87.9896,,512.861,47.3596
524.807,93.4142,,524.807,92.9037,,524.807,87.7783,,524.807,46.5145
537.032,93.3341,,537.032,92.8116,,537.032,87.5657,,537.032,45.6671
549.541,93.2557,,549.541,92.7211,,549.541,87.3517,,549.541,44.8179
562.341,93.179,,562.341,92.6319,,562.341,87.1361,,562.341,43.967
575.44,93.104,,575.44,92.5441,,575.44,86.9189,,575.44,43.1146
588.844,93.0306,,588.844,92.4577,,588.844,86.6999,,588.844,42.2611
602.56,92.9588,,602.56,92.3725,,602.56,86.4789,,602.56,41.4066
616.595,92.8886,,616.595,92.2886,,616.595,86.256,,616.595,40.5515
630.957,92.8199,,630.957,92.2059,,630.957,86.0308,,630.957,39.6959
645.654,92.7527,,645.654,92.1243,,645.654,85.8034,,645.654,38.8401
660.693,92.6869,,660.693,92.0439,,660.693,85.5736,,660.693,37.9844
676.083,92.6226,,676.083,91.9645,,676.083,85.3411,,676.083,37.129
691.831,92.5596,,691.831,91.8862,,691.831,85.106,,691.831,36.2742
707.946,92.498,,707.946,91.8088,,707.946,84.868,,707.946,35.4201
724.436,92.4377,,724.436,91.7324,,724.436,84.6271,,724.436,34.5669
741.31,92.3786,,741.31,91.6569,,741.31,84.383,,741.31,33.715
758.578,92.3209,,758.578,91.5823,,758.578,84.1356,,758.578,32.8644
776.247,92.2643,,776.247,91.5085,,776.247,83.8848,,776.247,32.0155
794.328,92.209,,794.328,91.4355,,794.328,83.6304,,794.328,31.1683
812.831,92.1548,,812.831,91.3632,,812.831,83.3723,,812.831,30.323
831.764,92.1018,,831.764,91.2916,,831.764,83.1103,,831.764,29.4798
851.138,92.0498,,851.138,91.2208,,851.138,82.8442,,851.138,28.6389
870.964,91.999,,870.964,91.1505,,870.964,82.5738,,870.964,27.8004
891.251,91.9492,,891.251,91.0809,,891.251,82.299,,891.251,26.9643
912.011,91.9004,,912.011,91.0118,,912.011,82.0196,,912.011,26.1309
933.254,91.8526,,933.254,90.9432,,933.254,81.7355,,933.254,25.3002
954.993,91.8059,,954.993,90.8751,,954.993,81.4463,,954.993,24.4724
977.237,91.76,,977.237,90.8075,,977.237,81.152,,977.237,23.6474
1000,91.7151,,1000,90.7403,,1000,80.8523,,1000,22.8254
1023.29,91.6711,,1023.29,90.6735,,1023.29,80.547,,1023.29,22.0064
1047.13,91.628,,1047.13,90.607,,1047.13,80.236,,1047.13,21.1904
1071.52,91.5858,,1071.52,90.5408,,1071.52,79.9189,,1071.52,20.3775
1096.48,91.5444,,1096.48,90.4749,,1096.48,79.5956,,1096.48,19.5677
1122.02,91.5038,,1122.02,90.4092,,1122.02,79.2658,,1122.02,18.7609
1148.15,91.464,,1148.15,90.3437,,1148.15,78.9292,,1148.15,17.9573
1174.9,91.425,,1174.9,90.2784,,1174.9,78.5858,,1174.9,17.1566
1202.26,91.3867,,1202.26,90.2132,,1202.26,78.235,,1202.26,16.359
1230.27,91.3492,,1230.27,90.1481,,1230.27,77.8768,,1230.27,15.5643
1258.93,91.3123,,1258.93,90.083,,1258.93,77.5108,,1258.93,14.7726
1288.25,91.2762,,1288.25,90.018,,1288.25,77.1367,,1288.25,13.9837
1318.26,91.2408,,1318.26,89.9529,,1318.26,76.7542,,1318.26,13.1975
1348.96,91.206,,1348.96,89.8878,,1348.96,76.3631,,1348.96,12.414
1380.38,91.1718,,1380.38,89.8226,,1380.38,75.9629,,1380.38,11.6332
1412.54,91.1383,,1412.54,89.7573,,1412.54,75.5534,,1412.54,10.8548
1445.44,91.1053,,1445.44,89.6918,,1445.44,75.1341,,1445.44,10.0787
1479.11,91.073,,1479.11,89.6261,,1479.11,74.7048,,1479.11,9.30495
1513.56,91.0412,,1513.56,89.5602,,1513.56,74.265,,1513.56,8.53331
1548.82,91.01,,1548.82,89.494,,1548.82,73.8143,,1548.82,7.76368
1584.89,90.9793,,1584.89,89.4274,,1584.89,73.3524,,1584.89,6.99591
1621.81,90.9491,,1621.81,89.3606,,1621.81,72.8787,,1621.81,6.22987
1659.59,90.9194,,1659.59,89.2933,,1659.59,72.3929,,1659.59,5.46541
1698.24,90.8902,,1698.24,89.2256,,1698.24,71.8944,,1698.24,4.70239
1737.8,90.8615,,1737.8,89.1574,,1737.8,71.3828,,1737.8,3.94065
1778.28,90.8333,,1778.28,89.0887,,1778.28,70.8574,,1778.28,3.18004
1819.7,90.8054,,1819.7,89.0195,,1819.7,70.3179,,1819.7,2.4204
1862.09,90.778,,1862.09,88.9497,,1862.09,69.7635,,1862.09,1.66158
1905.46,90.751,,1905.46,88.8792,,1905.46,69.1938,,1905.46,0.903409
1949.84,90.7245,,1949.84,88.808,,1949.84,68.608,,1949.84,0.145736
1995.26,90.6983,,1995.26,88.7362,,1995.26,68.0055,,1995.26,-0.611599
2041.74,90.6724,,2041.74,88.6635,,2041.74,67.3857,,2041.74,-1.36875
2089.3,90.6469,,2089.3,88.5901,,2089.3,66.7478,,2089.3,-2.12589
2137.96,90.6218,,2137.96,88.5157,,2137.96,66.091,,2137.96,-2.88315
2187.76,90.597,,2187.76,88.4405,,2187.76,65.4145,,2187.76,-3.6407
2238.72,90.5725,,2238.72,88.3643,,2238.72,64.7175,,2238.72,-4.39867
2290.87,90.5483,,2290.87,88.2871,,2290.87,63.9992,,2290.87,-5.15722
2344.23,90.5244,,2344.23,88.2089,,2344.23,63.2585,,2344.23,-5.91649
2398.83,90.5007,,2398.83,88.1295,,2398.83,62.4946,,2398.83,-6.67661
2454.71,90.4774,,2454.71,88.0489,,2454.71,61.7064,,2454.71,-7.4377
2511.89,90.4543,,2511.89,87.9672,,2511.89,60.8929,,2511.89,-8.1999
2570.4,90.4314,,2570.4,87.8841,,2570.4,60.053,,2570.4,-8.96332
2630.27,90.4087,,2630.27,87.7998,,2630.27,59.1855,,2630.27,-9.72806
2691.53,90.3863,,2691.53,87.714,,2691.53,58.2892,,2691.53,-10.4942
2754.23,90.3641,,2754.23,87.6267,,2754.23,57.3629,,2754.23,-11.2619
2818.38,90.342,,2818.38,87.538,,2818.38,56.4052,,2818.38,-12.0312
2884.03,90.3202,,2884.03,87.4476,,2884.03,55.4149,,2884.03,-12.8022
2951.21,90.2985,,2951.21,87.3556,,2951.21,54.3905,,2951.21,-13.575
3019.95,90.2769,,3019.95,87.2618,,3019.95,53.3306,,3019.95,-14.3495
3090.3,90.2555,,3090.3,87.1662,,3090.3,52.2337,,3090.3,-15.1259
3162.28,90.2342,,3162.28,87.0688,,3162.28,51.0982,,3162.28,-15.9041
3235.94,90.2131,,3235.94,86.9694,,3235.94,49.9228,,3235.94,-16.6843
3311.31,90.1921,,3311.31,86.8679,,3311.31,48.7057,,3311.31,-17.4664
3388.44,90.1711,,3388.44,86.7643,,3388.44,47.4455,,3388.44,-18.2503
3467.37,90.1503,,3467.37,86.6584,,3467.37,46.1405,,3467.37,-19.0362
3548.13,90.1295,,3548.13,86.5502,,3548.13,44.7892,,3548.13,-19.8239
3630.78,90.1087,,3630.78,86.4396,,3630.78,43.3902,,3630.78,-20.6135
3715.35,90.0881,,3715.35,86.3265,,3715.35,41.942,,3715.35,-21.4048
3801.89,90.0674,,3801.89,86.2107,,3801.89,40.4432,,3801.89,-22.1978
3890.45,90.0468,,3890.45,86.0922,,3890.45,38.8926,,3890.45,-22.9924
3981.07,90.0263,,3981.07,85.9708,,3981.07,37.2892,,3981.07,-23.7885
4073.8,90.0057,,4073.8,85.8464,,4073.8,35.632,,4073.8,-24.586
4168.69,89.9851,,4168.69,85.7189,,4168.69,33.9204,,4168.69,-25.3849
4265.8,89.9645,,4265.8,85.5881,,4265.8,32.1541,,4265.8,-26.1849
4365.16,89.9439,,4365.16,85.4538,,4365.16,30.3329,,4365.16,-26.9858
4466.84,89.9232,,4466.84,85.316,,4466.84,28.4573,,4466.84,-27.7877
4570.88,89.9025,,4570.88,85.1745,,4570.88,26.5277,,4570.88,-28.5902
4677.35,89.8817,,4677.35,85.029,,4677.35,24.5456,,4677.35,-29.3932
4786.3,89.8608,,4786.3,84.8794,,4786.3,22.5125,,4786.3,-30.1964
4897.79,89.8399,,4897.79,84.7256,,4897.79,20.4306,,4897.79,-30.9998
5011.87,89.8188,,5011.87,84.5672,,5011.87,18.3028,,5011.87,-31.803
5128.61,89.7977,,5128.61,84.404,,5128.61,16.1322,,5128.61,-32.6059
5248.07,89.7764,,5248.07,84.2359,,5248.07,13.9229,,5248.07,-33.4081
5370.32,89.755,,5370.32,84.0626,,5370.32,11.6792,,5370.32,-34.2095
5495.41,89.7334,,5495.41,83.8838,,5495.41,9.40607,,5495.41,-35.0098
5623.41,89.7117,,5623.41,83.6992,,5623.41,7.10897,,5623.41,-35.8087
5754.4,89.6897,,5754.4,83.5084,,5754.4,4.79366,,5754.4,-36.6059
5888.44,89.6676,,5888.44,83.3113,,5888.44,2.46625,,5888.44,-37.4013
6025.6,89.6453,,6025.6,83.1073,,6025.6,0.133058,,6025.6,-38.1945
6165.95,89.6228,,6165.95,82.8962,,6165.95,-2.19951,,6165.95,-38.9852
6309.57,89.6001,,6309.57,82.6774,,6309.57,-4.52503,,6309.57,-39.7731
6456.54,89.5771,,6456.54,82.4506,,6456.54,-6.83723,,6456.54,-40.558
6606.93,89.5538,,6606.93,82.2153,,6606.93,-9.13004,,6606.93,-41.3396
6760.83,89.5303,,6760.83,81.9709,,6760.83,-11.3977,,6760.83,-42.1176
6918.31,89.5065,,6918.31,81.7169,,6918.31,-13.6349,,6918.31,-42.8916
7079.46,89.4823,,7079.46,81.4526,,7079.46,-15.8367,,7079.46,-43.6615
7244.36,89.4579,,7244.36,81.1773,,7244.36,-17.9988,,7244.36,-44.4269
7413.1,89.4331,,7413.1,80.8904,,7413.1,-20.1174,,7413.1,-45.1876
7585.78,89.408,,7585.78,80.5909,,7585.78,-22.1892,,7585.78,-45.9433
7762.47,89.3825,,7762.47,80.2781,,7762.47,-24.2116,,7762.47,-46.6937
7943.28,89.3566,,7943.28,79.9508,,7943.28,-26.1824,,7943.28,-47.4385
8128.31,89.3303,,8128.31,79.6082,,8128.31,-28.1,,8128.31,-48.1776
8317.64,89.3035,,8317.64,79.2489,,8317.64,-29.9634,,8317.64,-48.9106
8511.38,89.2764,,8511.38,78.8716,,8511.38,-31.7718,,8511.38,-49.6373
8709.64,89.2487,,8709.64,78.475,,8709.64,-33.525,,8709.64,-50.3575
8912.51,89.2206,,8912.51,78.0573,,8912.51,-35.2231,,8912.51,-51.071
9120.11,89.1919,,9120.11,77.6168,,9120.11,-36.8666,,9120.11,-51.7776
9332.54,89.1628,,9332.54,77.1515,,9332.54,-38.4561,,9332.54,-52.477
9549.93,89.133,,9549.93,76.659,,9549.93,-39.9926,,9549.93,-53.1691
9772.37,89.1027,,9772.37,76.137,,9772.37,-41.477,,9772.37,-53.8536
10000,89.0718,,10000,75.5825,,10000,-42.9108,,10000,-54.5305
10232.9,89.0403,,10232.9,74.9923,,10232.9,-44.2952,,10232.9,-55.1996
10471.3,89.0081,,10471.3,74.3627,,10471.3,-45.6316,,10471.3,-55.8607
10715.2,88.9752,,10715.2,73.6896,,10715.2,-46.9217,,10715.2,-56.5136
10964.8,88.9416,,10964.8,72.9682,,10964.8,-48.1668,,10964.8,-57.1584
11220.2,88.9073,,11220.2,72.193,,11220.2,-49.3687,,11220.2,-57.7947
11481.5,88.8722,,11481.5,71.3579,,11481.5,-50.5287,,11481.5,-58.4227
11749,88.8362,,11749,70.4555,,11749,-51.6486,,11749,-59.0421
12022.6,88.7995,,12022.6,69.4775,,12022.6,-52.7297,,12022.6,-59.6528
12302.7,88.7618,,12302.7,68.4141,,12302.7,-53.7737,,12302.7,-60.2549
12589.3,88.7232,,12589.3,67.2538,,12589.3,-54.782,,12589.3,-60.8483
12882.5,88.6837,,12882.5,65.9833,,12882.5,-55.756,,12882.5,-61.4329
13182.6,88.6431,,13182.6,64.587,,13182.6,-56.6971,,13182.6,-62.0086
13489.6,88.6015,,13489.6,63.0461,,13489.6,-57.6067,,13489.6,-62.5755
13803.8,88.5588,,13803.8,61.3389,,13803.8,-58.4859,,13803.8,-63.1336
14125.4,88.515,,14125.4,59.4394,,14125.4,-59.3361,,14125.4,-63.6827
14454.4,88.4699,,14454.4,57.317,,14454.4,-60.1585,,14454.4,-64.223
14791.1,88.4236,,14791.1,54.9358,,14791.1,-60.9541,,14791.1,-64.7545
15135.6,88.3759,,15135.6,52.2536,,15135.6,-61.7242,,15135.6,-65.2771
15488.2,88.3269,,15488.2,49.2223,,15488.2,-62.4696,,15488.2,-65.7909
15848.9,88.2763,,15848.9,45.7877,,15848.9,-63.1914,,15848.9,-66.2959
16218.1,88.2243,,16218.1,41.8913,,16218.1,-63.8906,,16218.1,-66.7921
16595.9,88.1706,,16595.9,37.4751,,16595.9,-64.5681,,16595.9,-67.2797
16982.4,88.1153,,16982.4,32.4885,,16982.4,-65.2247,,16982.4,-67.7586
17378,88.0581,,17378,26.9012,,17378,-65.8612,,17378,-68.2289
17782.8,87.9991,,17782.8,20.7198,,17782.8,-66.4784,,17782.8,-68.6907
18197,87.938,,18197,14.0061,,18197,-67.0772,,18197,-69.1441
18620.9,87.8749,,18620.9,6.88874,,18620.9,-67.6581,,18620.9,-69.5891
19054.6,87.8095,,19054.6,-0.440632,,19054.6,-68.2218,,19054.6,-70.0258
19498.4,87.7418,,19498.4,-7.75282,,19498.4,-68.7691,,19498.4,-70.4542
19952.6,87.6716,,19952.6,-14.8218,,19952.6,-69.3005,,19952.6,-70.8746
20417.4,87.5987,,20417.4,-21.464,,20417.4,-69.8166,,20417.4,-71.2869
20893,87.523,,20893,-27.5608,,20893,-70.318,,20893,-71.6912
21379.6,87.4443,,21379.6,-33.0594,,21379.6,-70.8052,,21379.6,-72.0877
21877.6,87.3625,,21877.6,-37.9597,,21877.6,-71.2786,,21877.6,-72.4764
22387.2,87.2772,,22387.2,-42.2961,,22387.2,-71.7389,,22387.2,-72.8575
22908.7,87.1882,,22908.7,-46.1206,,22908.7,-72.1864,,22908.7,-73.2311
23442.3,87.0954,,23442.3,-49.4921,,23442.3,-72.6216,,23442.3,-73.5971
23988.3,86.9984,,23988.3,-52.4682,,23988.3,-73.0449,,23988.3,-73.9559
24547.1,86.8968,,24547.1,-55.1026,,24547.1,-73.4567,,24547.1,-74.3074
25118.9,86.7904,,25118.9,-57.4424,,25118.9,-73.8575,,25118.9,-74.6517
25704,86.6788,,25704,-59.5289,,25704,-74.2474,,25704,-74.9891
26302.7,86.5616,,26302.7,-61.3972,,26302.7,-74.627,,26302.7,-75.3195
26915.3,86.4382,,26915.3,-63.0771,,26915.3,-74.9966,,26915.3,-75.6432
27542.3,86.3081,,27542.3,-64.594,,27542.3,-75.3564,,27542.3,-75.9601
28183.8,86.1708,,28183.8,-65.9692,,28183.8,-75.7069,,28183.8,-76.2705
28840.3,86.0256,,28840.3,-67.2209,,28840.3,-76.0482,,28840.3,-76.5744
29512.1,85.8716,,29512.1,-68.3643,,29512.1,-76.3806,,29512.1,-76.8719
30199.5,85.7082,,30199.5,-69.4125,,30199.5,-76.7045,,30199.5,-77.1632
30903,85.5343,,30903,-70.3768,,30903,-77.0201,,30903,-77.4483
31622.8,85.3488,,31622.8,-71.2666,,31622.8,-77.3277,,31622.8,-77.7274
32359.4,85.1505,,32359.4,-72.0902,,32359.4,-77.6274,,32359.4,-78.0006
33113.1,84.9378,,33113.1,-72.8546,,33113.1,-77.9196,,33113.1,-78.268
33884.4,84.7091,,33884.4,-73.566,,33884.4,-78.2044,,33884.4,-78.5296
34673.7,84.4624,,34673.7,-74.2297,,34673.7,-78.4821,,34673.7,-78.7857
35481.3,84.1955,,35481.3,-74.8504,,35481.3,-78.7528,,35481.3,-79.0362
36307.8,83.9055,,36307.8,-75.4322,,36307.8,-79.0168,,36307.8,-79.2814
37153.5,83.5893,,37153.5,-75.9787,,37153.5,-79.2743,,37153.5,-79.5212
38018.9,83.2431,,38018.9,-76.493,,38018.9,-79.5254,,38018.9,-79.7559
38904.5,82.862,,38904.5,-76.978,,38904.5,-79.7703,,38904.5,-79.9855
39810.7,82.4406,,39810.7,-77.436,,39810.7,-80.0092,,39810.7,-80.2101
40738,81.9717,,40738,-77.8695,,40738,-80.2423,,40738,-80.4298
41686.9,81.4468,,41686.9,-78.2802,,41686.9,-80.4697,,41686.9,-80.6447
42658,80.855,,42658,-78.67,,42658,-80.6915,,42658,-80.8549
43651.6,80.1823,,43651.6,-79.0405,,43651.6,-80.908,,43651.6,-81.0605
44668.4,79.4109,,44668.4,-79.3932,,44668.4,-81.1192,,44668.4,-81.2616
45708.8,78.5171,,45708.8,-79.7292,,45708.8,-81.3254,,45708.8,-81.4582
46773.5,77.4693,,46773.5,-80.0498,,46773.5,-81.5266,,46773.5,-81.6506
47863,76.2241,,47863,-80.356,,47863,-81.7229,,47863,-81.8387
48977.9,74.7206,,48977.9,-80.6489,,48977.9,-81.9146,,48977.9,-82.0226
50118.7,72.871,,50118.7,-80.9292,,50118.7,-82.1017,,50118.7,-82.2025
51286.1,70.5445,,51286.1,-81.1977,,51286.1,-82.2843,,51286.1,-82.3784
52480.7,67.5389,,52480.7,-81.4553,,52480.7,-82.4626,,52480.7,-82.5504
53703.2,63.5304,,53703.2,-81.7025,,53703.2,-82.6366,,53703.2,-82.7186
54954.1,57.9814,,54954.1,-81.94,,54954.1,-82.8065,,54954.1,-82.883
56234.1,49.984,,56234.1,-82.1684,,56234.1,-82.9724,,56234.1,-83.0438
57544,38.0901,,57544,-82.3881,,57544,-83.1344,,57544,-83.201
58884.4,20.6655,,58884.4,-82.5997,,58884.4,-83.2925,,58884.4,-83.3547
60256,-1.66536,,60256,-82.8035,,60256,-83.4469,,60256,-83.505
61659.5,-23.5173,,61659.5,-83.0001,,61659.5,-83.5977,,61659.5,-83.6519
63095.7,-40.0751,,63095.7,-83.1897,,63095.7,-83.745,,63095.7,-83.7956
64565.4,-51.2909,,64565.4,-83.3728,,64565.4,-83.8888,,64565.4,-83.936
66069.3,-58.855,,66069.3,-83.5496,,66069.3,-84.0292,,66069.3,-84.0733
67608.3,-64.1337,,67608.3,-83.7205,,67608.3,-84.1664,,67608.3,-84.2075
69183.1,-67.9687,,69183.1,-83.8857,,69183.1,-84.3003,,69183.1,-84.3387
70794.6,-70.8586,,70794.6,-84.0456,,70794.6,-84.4311,,70794.6,-84.4669
72443.6,-73.1049,,72443.6,-84.2003,,72443.6,-84.5589,,72443.6,-84.5923
74131,-74.8969,,74131,-84.35,,74131,-84.6837,,74131,-84.7149
75857.8,-76.3577,,75857.8,-84.4951,,75857.8,-84.8056,,75857.8,-84.8347
77624.7,-77.5705,,77624.7,-84.6357,,77624.7,-84.9246,,77624.7,-84.9518
79432.8,-78.5931,,79432.8,-84.7721,,79432.8,-85.0409,,79432.8,-85.0663
81283.1,-79.4669,,81283.1,-84.9043,,81283.1,-85.1545,,81283.1,-85.1782
83176.4,-80.2222,,83176.4,-85.0325,,83176.4,-85.2655,,83176.4,-85.2875
85113.8,-80.8816,,85113.8,-85.157,,85113.8,-85.3738,,85113.8,-85.3945
87096.4,-81.4624,,87096.4,-85.2778,,87096.4,-85.4797,,87096.4,-85.499
89125.1,-81.9779,,89125.1,-85.3951,,89125.1,-85.5832,,89125.1,-85.6011
91201.1,-82.4388,,91201.1,-85.509,,91201.1,-85.6842,,91201.1,-85.701
93325.4,-82.8534,,93325.4,-85.6198,,93325.4,-85.7829,,93325.4,-85.7986
95499.3,-83.2283,,95499.3,-85.7274,,95499.3,-85.8793,,95499.3,-85.8939
97723.7,-83.5693,,97723.7,-85.832,,97723.7,-85.9735,,97723.7,-85.9872
100000,-83.8807,,100000,-85.9337,,100000,-86.0656,,100000,-86.0783
102329,-84.1664,,102329,-86.0326,,102329,-86.1555,,102329,-86.1674
104713,-84.4294,,104713,-86.1288,,104713,-86.2433,,104713,-86.2544
107152,-84.6725,,107152,-86.2224,,107152,-86.3292,,107152,-86.3395
109648,-84.8978,,109648,-86.3136,,109648,-86.413,,109648,-86.4227
112202,-85.1074,,112202,-86.4022,,112202,-86.4949,,112202,-86.5039
114815,-85.3029,,114815,-86.4886,,114815,-86.575,,114815,-86.5834
117490,-85.4856,,117490,-86.5726,,117490,-86.6532,,117490,-86.661
120226,-85.6569,,120226,-86.6545,,120226,-86.7296,,120226,-86.7369
123027,-85.8178,,123027,-86.7342,,123027,-86.8042,,123027,-86.811
125893,-85.9693,,125893,-86.8119,,125893,-86.8771,,125893,-86.8835
128825,-86.1122,,128825,-86.8876,,128825,-86.9484,,128825,-86.9544
131826,-86.2472,,131826,-86.9613,,131826,-87.018,,131826,-87.0236
134896,-86.375,,134896,-87.0332,,134896,-87.0861,,134896,-87.0913
138038,-86.4962,,138038,-87.1032,,138038,-87.1525,,138038,-87.1574
141254,-86.6113,,141254,-87.1715,,141254,-87.2175,,141254,-87.222
144544,-86.7208,,144544,-87.2381,,144544,-87.281,,144544,-87.2852
147911,-86.825,,147911,-87.303,,147911,-87.343,,147911,-87.3469
151356,-86.9244,,151356,-87.3663,,151356,-87.4036,,151356,-87.4072
154882,-87.0193,,154882,-87.428,,154882,-87.4628,,154882,-87.4662
158489,-87.1101,,158489,-87.4882,,158489,-87.5206,,158489,-87.5238
162181,-87.1968,,162181,-87.5469,,162181,-87.5771,,162181,-87.5801
165959,-87.28,,165959,-87.6042,,165959,-87.6324,,165959,-87.6352
169824,-87.3597,,169824,-87.66,,169824,-87.6863,,169824,-87.6889
173780,-87.4362,,173780,-87.7145,,173780,-87.7391,,173780,-87.7415
177828,-87.5096,,177828,-87.7677,,177828,-87.7906,,177828,-87.7929
181970,-87.5802,,181970,-87.8196,,181970,-87.841,,181970,-87.8431
186209,-87.6482,,186209,-87.8703,,186209,-87.8902,,186209,-87.8921
190546,-87.7136,,190546,-87.9197,,190546,-87.9383,,190546,-87.9401
194984,-87.7766,,194984,-87.9679,,194984,-87.9852,,194984,-87.987
199526,-87.8373,,199526,-88.015,,199526,-88.0312,,199526,-88.0328
204174,-87.8959,,204174,-88.0609,,204174,-88.076,,204174,-88.0775
208930,-87.9525,,208930,-88.1058,,208930,-88.1198,,208930,-88.1212
213796,-88.0072,,213796,-88.1496,,213796,-88.1627,,213796,-88.164
218776,-88.0599,,218776,-88.1923,,218776,-88.2045,,218776,-88.2058
223872,-88.111,,223872,-88.234,,223872,-88.2454,,223872,-88.2466
229087,-88.1604,,229087,-88.2748,,229087,-88.2854,,229087,-88.2865
234423,-88.2082,,234423,-88.3145,,234423,-88.3245,,234423,-88.3255
239883,-88.2544,,239883,-88.3534,,239883,-88.3626,,239883,-88.3636
245471,-88.2993,,245471,-88.3913,,245471,-88.3999,,245471,-88.4008
251189,-88.3427,,251189,-88.4283,,251189,-88.4364,,251189,-88.4372
257040,-88.3848,,257040,-88.4645,,257040,-88.472,,257040,-88.4727
263027,-88.4256,,263027,-88.4998,,263027,-88.5068,,263027,-88.5075
269153,-88.4652,,269153,-88.5343,,269153,-88.5408,,269153,-88.5415
275423,-88.5037,,275423,-88.5679,,275423,-88.574,,275423,-88.5747
281838,-88.541,,281838,-88.6008,,281838,-88.6065,,281838,-88.6071
288403,-88.5772,,288403,-88.6329,,288403,-88.6383,,288403,-88.6388
295121,-88.6124,,295121,-88.6643,,295121,-88.6693,,295121,-88.6698
301995,-88.6466,,301995,-88.6949,,301995,-88.6996,,301995,-88.7
309030,-88.6799,,309030,-88.7249,,309030,-88.7292,,309030,-88.7296
316228,-88.7122,,316228,-88.7541,,316228,-88.7581,,316228,-88.7585
323594,-88.7436,,323594,-88.7826,,323594,-88.7864,,323594,-88.7868
331131,-88.7742,,331131,-88.8105,,331131,-88.814,,331131,-88.8144
338844,-88.8039,,338844,-88.8378,,338844,-88.841,,338844,-88.8414
346737,-88.8328,,346737,-88.8644,,346737,-88.8674,,346737,-88.8677
354813,-88.861,,354813,-88.8904,,354813,-88.8932,,354813,-88.8935
363078,-88.8884,,363078,-88.9158,,363078,-88.9184,,363078,-88.9187
371535,-88.915,,371535,-88.9406,,371535,-88.9431,,371535,-88.9433
380189,-88.941,,380189,-88.9648,,380189,-88.9671,,380189,-88.9674
389045,-88.9663,,389045,-88.9885,,389045,-88.9906,,389045,-88.9909
398107,-88.9909,,398107,-89.0116,,398107,-89.0136,,398107,-89.0138
407380,-89.0149,,407380,-89.0342,,407380,-89.0361,,407380,-89.0363
416869,-89.0383,,416869,-89.0563,,416869,-89.058,,416869,-89.0582
426580,-89.0611,,426580,-89.0778,,426580,-89.0795,,426580,-89.0796
436516,-89.0833,,436516,-89.0989,,436516,-89.1004,,436516,-89.1006
446684,-89.1049,,446684,-89.1195,,446684,-89.1209,,446684,-89.1211
457088,-89.126,,457088,-89.1396,,457088,-89.1409,,457088,-89.1411
467735,-89.1466,,467735,-89.1592,,467735,-89.1605,,467735,-89.1606
478630,-89.1666,,478630,-89.1784,,478630,-89.1796,,478630,-89.1797
489779,-89.1862,,489779,-89.1972,,489779,-89.1983,,489779,-89.1984
501187,-89.2052,,501187,-89.2155,,501187,-89.2165,,501187,-89.2166
512861,-89.2238,,512861,-89.2334,,512861,-89.2344,,512861,-89.2345
524807,-89.242,,524807,-89.2509,,524807,-89.2518,,524807,-89.2519
537032,-89.2597,,537032,-89.268,,537032,-89.2688,,537032,-89.2689
549541,-89.2769,,549541,-89.2847,,549541,-89.2855,,549541,-89.2856
562341,-89.2938,,562341,-89.301,,562341,-89.3017,,562341,-89.3018
575440,-89.3102,,575440,-89.317,,575440,-89.3176,,575440,-89.3177
588844,-89.3262,,588844,-89.3325,,588844,-89.3332,,588844,-89.3332
602560,-89.3419,,602560,-89.3478,,602560,-89.3484,,602560,-89.3484
616595,-89.3572,,616595,-89.3626,,616595,-89.3632,,616595,-89.3632
630957,-89.3721,,630957,-89.3772,,630957,-89.3777,,630957,-89.3777
645654,-89.3866,,645654,-89.3914,,645654,-89.3919,,645654,-89.3919
660693,-89.4008,,660693,-89.4053,,660693,-89.4057,,660693,-89.4057
676083,-89.4147,,676083,-89.4188,,676083,-89.4192,,676083,-89.4193
691831,-89.4282,,691831,-89.4321,,691831,-89.4324,,691831,-89.4325
707946,-89.4414,,707946,-89.445,,707946,-89.4454,,707946,-89.4454
724436,-89.4543,,724436,-89.4577,,724436,-89.458,,724436,-89.458
741310,-89.4669,,741310,-89.47,,741310,-89.4703,,741310,-89.4704
758578,-89.4792,,758578,-89.4821,,758578,-89.4824,,758578,-89.4824
776247,-89.4912,,776247,-89.4939,,776247,-89.4942,,776247,-89.4942
794328,-89.5029,,794328,-89.5054,,794328,-89.5057,,794328,-89.5057
812831,-89.5143,,812831,-89.5167,,812831,-89.5169,,812831,-89.517
831764,-89.5255,,831764,-89.5277,,831764,-89.5279,,831764,-89.528
851138,-89.5364,,851138,-89.5385,,851138,-89.5387,,851138,-89.5387
870964,-89.5471,,870964,-89.549,,870964,-89.5492,,870964,-89.5492
891251,-89.5575,,891251,-89.5593,,891251,-89.5594,,891251,-89.5595
912011,-89.5676,,912011,-89.5693,,912011,-89.5695,,912011,-89.5695
933254,-89.5775,,933254,-89.5791,,933254,-89.5793,,933254,-89.5793
954993,-89.5872,,954993,-89.5887,,954993,-89.5889,,954993,-89.5889
977237,-89.5967,,977237,-89.5981,,977237,-89.5982,,977237,-89.5982
1e+006,-89.606,,1e+006,-89.6072,,1e+006,-89.6074,,1e+006,-89.6074
